date,temperature_moyenne,temperature_min,temperature_max,meteo_principale,vent,humidite,pression
2022-01-01,"11,1","8,4","14,3",Frais,5.9,11.4,1013.0
2022-01-02,"12,7","10,3","14,6",Gris,4.3,12.5,1013.0
2022-01-03,"12,0","11,3","13,4",Pluie,2.1,12.4,1013.0
2022-01-04,"8,6","7,9","10,4",Pluie,2.5,9.2,1013.0
2022-01-05,"4,8","3,2","7,7",Froid,4.5,5.5,1013.0
2022-01-06,"4,5","1,5","7,5",Froid,6.0,4.5,1013.0
2022-01-07,"6,2","3,2","9,2",Pluie,6.0,6.2,1013.0
2022-01-08,"6,9","4,3","9,3",Pluie,5.0,6.8,1013.0
2022-01-09,"5,7","4,8","6,6",Pluie,1.8,5.7,1013.0
2022-01-10,"3,8","2,4","4,6",Froid,2.2,3.5,1013.0
2022-01-11,"2,1","1,3","4,7",Froid,3.4,3.0,1013.0
2022-01-12,"3,0","-0,4","6,1",Froid,6.5,2.9,1013.0
2022-01-13,"2,6","2,0","4,7",Froid,2.7,3.4,1013.0
2022-01-14,"3,6","0,3","8,8",Froid,8.5,4.6,1013.0
2022-01-15,"3,0","0,3","9,6",Froid,9.3,5.0,1013.0
2022-01-16,"2,9","-0,7","6,4",Froid,7.1,2.9,1013.0
2022-01-17,"6,0","4,8","7,9",Frais,3.1,6.4,1013.0
2022-01-18,"5,3","1,5","10,7",Frais,9.2,6.1,1013.0
2022-01-19,"6,2","4,8","7,1",Pluie,2.3,6.0,1013.0
2022-01-20,"5,1","3,1","8,4",Frais,5.3,5.8,1013.0
2022-01-21,"4,3","2,5","6,3",Froid,3.8,4.4,1013.0
2022-01-22,"5,5","3,8","6,8",Frais,3.0,5.3,1013.0
2022-01-23,"4,2","3,8","5,1",Froid,1.3,4.5,1013.0
2022-01-24,"3,6","0,6","8,9",Froid,8.3,4.8,1013.0
2022-01-25,"1,0","-0,9","2,8",Neige,3.7,1.0,1013.0
2022-01-26,"2,7","0,3","4,1",Froid,3.8,2.2,1013.0
2022-01-27,"5,8","2,9","8,3",Frais,5.4,5.6,1013.0
2022-01-28,"7,3","6,2","7,9",Frais,1.7,7.1,1013.0
2022-01-29,"9,3","6,5","11,0",Frais,4.5,8.8,1013.0
2022-01-30,"9,0","6,4","12,3",Frais,5.9,9.4,1013.0
2022-01-31,"7,2","6,0","10,0",Frais,4.0,8.0,1013.0
2022-02-01,"8,2","4,0","11,1",Frais,7.1,7.6,1013.0
2022-02-02,"10,5","10,2","12,0",Frais,1.8,11.1,1013.0
2022-02-03,"8,2","7,5","8,9",Frais,1.4,8.2,1013.0
2022-02-04,"8,0","7,1","12,0",Frais,4.9,9.6,1013.0
2022-02-05,"7,6","3,7","11,9",Frais,8.2,7.8,1013.0
2022-02-06,"9,7","7,8","11,6",Pluie,3.8,9.7,1013.0
2022-02-07,"8,6","5,8","12,4",Frais,6.6,9.1,1013.0
2022-02-08,"9,4","7,6","12,0",Frais,4.4,9.8,1013.0
2022-02-09,"8,2","3,3","14,4",Frais,11.1,8.9,1013.0
2022-02-10,"7,6","6,6","10,8",Pluie,4.2,8.7,1013.0
2022-02-11,"5,5","2,6","11,5",Frais,8.9,7.1,1013.0
2022-02-12,"5,5","1,8","11,2",Frais,9.4,6.5,1013.0
2022-02-13,"8,3","1,3","14,9",Frais,13.6,8.1,1013.0
2022-02-14,"9,7","8,2","12,8",Pluie,4.6,10.5,1013.0
2022-02-15,"8,8","5,9","11,8",Pluie,5.9,8.9,1013.0
2022-02-16,"13,2","9,5","16,2",Gris,6.7,12.9,1013.0
2022-02-17,"12,9","11,2","15,7",Gris,4.5,13.5,1013.0
2022-02-18,"10,8","9,9","12,9",Pluie,3.0,11.4,1013.0
2022-02-19,"8,2","4,2","11,2",Frais,7.0,7.7,1013.0
2022-02-20,"11,5","8,9","13,9",Pluie,5.0,11.4,1013.0
2022-02-21,"8,9","5,9","11,0",Frais,5.1,8.5,1013.0
2022-02-22,"9,9","6,7","13,6",Frais,6.9,10.2,1013.0
2022-02-23,"10,0","5,6","12,5",Frais,6.9,9.1,1013.0
2022-02-24,"8,5","7,2","12,7",Pluie,5.5,10.0,1013.0
2022-02-25,"7,1","4,2","12,5",Frais,8.3,8.4,1013.0
2022-02-26,"6,4","1,8","11,6",Frais,9.8,6.7,1013.0
2022-02-27,"6,1","1,3","11,6",Frais,10.3,6.5,1013.0
2022-02-28,"7,2","1,4","13,6",Frais,12.2,7.5,1013.0
2022-03-01,"9,0","4,4","13,4",Frais,9.0,8.9,1013.0
2022-03-02,"9,3","6,1","13,5",Frais,7.4,9.8,1013.0
2022-03-03,"10,4","7,2","12,7",Frais,5.5,10.0,1013.0
2022-03-04,"10,2","7,9","13,5",Frais,5.6,10.7,1013.0
2022-03-05,"9,3","7,0","14,0",Frais,7.0,10.5,1013.0
2022-03-06,"5,7","1,8","10,8",Frais,9.0,6.3,1013.0
2022-03-07,"3,9","-0,5","8,7",Froid,9.2,4.1,1013.0
2022-03-08,"7,2","0,4","14,6",Frais,14.2,7.5,1013.0
2022-03-09,"10,1","3,5","16,7",Frais,13.2,10.1,1013.0
2022-03-10,"12,1","6,4","18,7",Doux,12.3,12.6,1013.0
2022-03-11,"10,5","8,3","13,4",Pluie,5.1,10.9,1013.0
2022-03-12,"9,0","6,9","11,1",Frais,4.2,9.0,1013.0
2022-03-13,"9,4","8,2","12,4",Pluie,4.2,10.3,1013.0
2022-03-14,"10,7","5,2","16,4",Pluie,11.2,10.8,1013.0
2022-03-15,"10,5","9,3","11,7",Pluie,2.4,10.5,1013.0
2022-03-16,"11,9","9,0","15,0",Frais,6.0,12.0,1013.0
2022-03-17,"8,7","8,1","10,1",Frais,2.0,9.1,1013.0
2022-03-18,"10,3","4,2","17,6",Frais,13.4,10.9,1013.0
2022-03-19,"11,4","5,4","18,2",Frais,12.8,11.8,1013.0
2022-03-20,"8,9","3,0","14,9",Frais,11.9,9.0,1013.0
2022-03-21,"12,8","6,3","19,7",Doux,13.4,13.0,1013.0
2022-03-22,"13,3","8,4","19,7",Doux,11.3,14.1,1013.0
2022-03-23,"12,9","5,0","20,1",Doux,15.1,12.6,1013.0
2022-03-24,"14,0","5,5","22,9",Doux,17.4,14.2,1013.0
2022-03-25,"14,0","6,5","22,0",Doux,15.5,14.3,1013.0
2022-03-26,"13,9","6,2","21,9",Doux,15.7,14.1,1013.0
2022-03-27,"14,5","7,6","23,3",Doux,15.7,15.5,1013.0
2022-03-28,"15,4","7,6","23,2",Soleil,15.6,15.4,1013.0
2022-03-29,"13,9","11,7","19,7",Pluie,8.0,15.7,1013.0
2022-03-30,"10,8","9,5","14,2",Pluie,4.7,11.9,1013.0
2022-03-31,"5,9","3,8","9,3",Pluie,5.5,6.6,1013.0
2022-04-01,"2,6","1,4","3,5",Pluie,2.1,2.5,1013.0
2022-04-02,"5,2","1,1","10,0",Frais,8.9,5.6,1013.0
2022-04-03,"6,0","1,2","11,5",Frais,10.3,6.4,1013.0
2022-04-04,"7,5","2,8","11,2",Frais,8.4,7.0,1013.0
2022-04-05,"10,9","8,3","13,6",Pluie,5.3,11.0,1013.0
2022-04-06,"11,3","8,9","13,8",Frais,4.9,11.4,1013.0
2022-04-07,"12,6","10,8","16,0",Pluie,5.2,13.4,1013.0
2022-04-08,"6,0","2,4","7,5",Pluie,5.1,5.0,1013.0
2022-04-09,"6,9","2,4","13,3",Frais,10.9,7.9,1013.0
2022-04-10,"9,1","1,3","15,8",Frais,14.5,8.6,1013.0
2022-04-11,"13,9","6,0","21,1",Doux,15.1,13.6,1013.0
2022-04-12,"16,8","11,6","22,3",Pluie,10.7,17.0,1013.0
2022-04-13,"14,2","12,4","17,3",Pluie,4.9,14.9,1013.0
2022-04-14,"16,4","10,3","24,2",Soleil,13.9,17.3,1013.0
2022-04-15,"16,6","9,6","24,1",Soleil,14.5,16.9,1013.0
2022-04-16,"15,5","9,1","22,2",Soleil,13.1,15.7,1013.0
2022-04-17,"15,8","7,7","24,5",Soleil,16.8,16.1,1013.0
2022-04-18,"15,0","7,2","21,9",Doux,14.7,14.6,1013.0
2022-04-19,"13,9","8,1","21,0",Doux,12.9,14.6,1013.0
2022-04-20,"14,8","8,0","22,6",Doux,14.6,15.3,1013.0
2022-04-21,"15,5","8,7","22,7",Soleil,14.0,15.7,1013.0
2022-04-22,"15,4","9,5","22,1",Soleil,12.6,15.8,1013.0
2022-04-23,"15,1","9,4","22,8",Soleil,13.4,16.1,1013.0
2022-04-24,"15,3","9,4","21,1",Soleil,11.7,15.3,1013.0
2022-04-25,"13,3","9,4","20,0",Doux,10.6,14.7,1013.0
2022-04-26,"12,0","7,3","17,8",Doux,10.5,12.6,1013.0
2022-04-27,"13,5","5,5","21,0",Doux,15.5,13.3,1013.0
2022-04-28,"15,7","7,6","22,2",Soleil,14.6,14.9,1013.0
2022-04-29,"15,4","11,3","22,6",Soleil,11.3,17.0,1013.0
2022-04-30,"12,9","7,5","19,9",Doux,12.4,13.7,1013.0
2022-05-01,"13,2","6,5","19,6",Doux,13.1,13.1,1013.0
2022-05-02,"14,5","8,3","20,9",Doux,12.6,14.6,1013.0
2022-05-03,"15,3","9,7","23,2",Soleil,13.5,16.5,1013.0
2022-05-04,"15,0","9,9","21,4",Doux,11.5,15.7,1013.0
2022-05-05,"15,0","11,1","21,1",Doux,10.0,16.1,1013.0
2022-05-06,"17,1","9,5","24,2",Soleil,14.7,16.9,1013.0
2022-05-07,"16,9","11,5","24,0",Soleil,12.5,17.8,1013.0
2022-05-08,"16,7","11,7","24,3",Soleil,12.6,18.0,1013.0
2022-05-09,"19,1","10,4","27,7",Soleil,17.3,19.1,1013.0
2022-05-10,"21,5","13,6","27,8",Chaleurs,14.2,20.7,1013.0
2022-05-11,"19,9","12,5","26,2",Soleil,13.7,19.4,1013.0
2022-05-12,"17,4","12,9","21,3",Soleil,8.4,17.1,1013.0
2022-05-13,"17,3","11,1","23,9",Soleil,12.8,17.5,1013.0
2022-05-14,"18,3","10,1","25,2",Soleil,15.1,17.7,1013.0
2022-05-15,"21,9","14,1","30,7",Canicule,16.6,22.4,1013.0
2022-05-16,"20,7","16,4","27,3",Chaleurs,10.9,21.9,1013.0
2022-05-17,"24,3","15,5","29,7",Chaleurs,14.2,22.6,1013.0
2022-05-18,"24,1","16,8","30,2",Canicule,13.4,23.5,1013.0
2022-05-19,"23,2","20,3","28,0",Chaleurs,7.7,24.2,1013.0
2022-05-20,"17,7","15,8","24,0",Pluie,8.2,19.9,1013.0
2022-05-21,"19,4","13,3","26,8",Soleil,13.5,20.1,1013.0
2022-05-22,"19,0","13,6","24,2",Soleil,10.6,18.9,1013.0
2022-05-23,"16,5","15,4","18,9",Pluie,3.5,17.2,1013.0
2022-05-24,"14,6","11,4","20,0",Doux,8.6,15.7,1013.0
2022-05-25,"16,6","10,0","21,6",Soleil,11.6,15.8,1013.0
2022-05-26,"17,2","13,8","21,8",Soleil,8.0,17.8,1013.0
2022-05-27,"16,9","13,7","23,3",Soleil,9.6,18.5,1013.0
2022-05-28,"16,2","10,1","22,9",Soleil,12.8,16.5,1013.0
2022-05-29,"13,5","8,5","19,1",Doux,10.6,13.8,1013.0
2022-05-30,"15,1","8,1","21,9",Soleil,13.8,15.0,1013.0
2022-05-31,"16,8","11,3","22,6",Soleil,11.3,17.0,1013.0
2022-06-01,"17,1","8,8","24,2",Soleil,15.4,16.5,1013.0
2022-06-02,"19,0","10,4","26,4",Soleil,16.0,18.4,1013.0
2022-06-03,"18,3","13,5","23,9",Pluie,10.4,18.7,1013.0
2022-06-04,"19,7","15,5","29,6",Pluie,14.1,22.6,1013.0
2022-06-05,"18,7","16,3","24,0",Pluie,7.7,20.2,1013.0
2022-06-06,"18,5","13,5","22,9",Soleil,9.4,18.2,1013.0
2022-06-07,"19,4","15,7","24,5",Pluie,8.8,20.1,1013.0
2022-06-08,"17,2","14,5","23,0",Pluie,8.5,18.8,1013.0
2022-06-09,"17,9","12,7","23,2",Soleil,10.5,18.0,1013.0
2022-06-10,"19,6","15,1","23,8",Soleil,8.7,19.5,1013.0
2022-06-11,"20,8","14,5","28,4",Chaleurs,13.9,21.5,1013.0
2022-06-12,"19,8","13,7","26,7",Soleil,13.0,20.2,1013.0
2022-06-13,"19,0","12,5","26,0",Soleil,13.5,19.3,1013.0
2022-06-14,"21,2","13,5","28,4",Chaleurs,14.9,21.0,1013.0
2022-06-15,"23,8","13,9","32,1",Canicule,18.2,23.0,1013.0
2022-06-16,"24,2","17,2","31,3",Canicule,14.1,24.3,1013.0
2022-06-17,"27,0","17,6","35,3",Canicule,17.7,26.5,1013.0
2022-06-18,"29,3","20,3","37,1",Canicule,16.8,28.7,1013.0
2022-06-19,"20,0","15,2","26,0",Pluie,10.8,20.6,1013.0
2022-06-20,"18,6","15,0","24,0",Soleil,9.0,19.5,1013.0
2022-06-21,"21,5","14,5","28,5",Chaleurs,14.0,21.5,1013.0
2022-06-22,"21,3","16,2","27,2",Chaleurs,11.0,21.7,1013.0
2022-06-23,"23,7","18,9","28,9",Pluie,10.0,23.9,1013.0
2022-06-24,"21,1","17,6","24,9",Chaleurs,7.3,21.3,1013.0
2022-06-25,"17,5","17,0","19,3",Soleil,2.3,18.2,1013.0
2022-06-26,"18,6","14,2","23,5",Soleil,9.3,18.9,1013.0
2022-06-27,"19,7","15,4","25,0",Soleil,9.6,20.2,1013.0
2022-06-28,"21,5","12,5","28,7",Chaleurs,16.2,20.6,1013.0
2022-06-29,"21,2","13,4","28,0",Chaleurs,14.6,20.7,1013.0
2022-06-30,"15,5","13,6","17,9",Pluie,4.3,15.8,1013.0
2022-07-01,"17,6","11,6","23,6",Soleil,12.0,17.6,1013.0
2022-07-02,"20,7","10,8","27,9",Chaleurs,17.1,19.4,1013.0
2022-07-03,"20,1","14,0","26,2",Chaleurs,12.2,20.1,1013.0
2022-07-04,"20,3","12,3","28,0",Chaleurs,15.7,20.2,1013.0
2022-07-05,"20,5","13,3","28,2",Chaleurs,14.9,20.8,1013.0
2022-07-06,"21,2","13,2","28,5",Chaleurs,15.3,20.9,1013.0
2022-07-07,"18,9","16,2","23,3",Soleil,7.1,19.8,1013.0
2022-07-08,"20,8","12,0","28,9",Chaleurs,16.9,20.5,1013.0
2022-07-09,"23,3","15,7","31,6",Canicule,15.9,23.7,1013.0
2022-07-10,"21,8","13,9","29,0",Chaleurs,15.1,21.5,1013.0
2022-07-11,"24,7","16,9","31,7",Canicule,14.8,24.3,1013.0
2022-07-12,"26,1","16,5","34,1",Canicule,17.6,25.3,1013.0
2022-07-13,"28,2","18,7","37,3",Canicule,18.6,28.0,1013.0
2022-07-14,"25,3","20,9","32,9",Canicule,12.0,26.9,1013.0
2022-07-15,"22,0","15,3","28,6",Chaleurs,13.3,22.0,1013.0
2022-07-16,"23,3","14,3","30,8",Canicule,16.5,22.6,1013.0
2022-07-17,"25,0","16,5","33,0",Canicule,16.5,24.8,1013.0
2022-07-18,"28,9","17,6","39,3",Canicule,21.7,28.5,1013.0
2022-07-19,"30,7","20,9","40,4",Canicule,19.5,30.7,1013.0
2022-07-20,"21,0","19,2","24,2",Pluie,5.0,21.7,1013.0
2022-07-21,"22,5","18,2","28,3",Chaleurs,10.1,23.3,1013.0
2022-07-22,"21,1","16,6","26,9",Pluie,10.3,21.8,1013.0
2022-07-23,"21,6","18,1","28,3",Chaleurs,10.2,23.2,1013.0
2022-07-24,"25,7","17,0","33,2",Canicule,16.2,25.1,1013.0
2022-07-25,"23,5","20,1","28,7",Chaleurs,8.6,24.4,1013.0
2022-07-26,"20,0","17,3","24,5",Chaleurs,7.2,20.9,1013.0
2022-07-27,"20,1","14,1","27,5",Chaleurs,13.4,20.8,1013.0
2022-07-28,"21,6","15,3","28,8",Chaleurs,13.5,22.1,1013.0
2022-07-29,"23,6","14,3","31,3",Canicule,17.0,22.8,1013.0
2022-07-30,"24,5","16,1","31,6",Canicule,15.5,23.9,1013.0
2022-07-31,"23,6","18,3","30,9",Canicule,12.6,24.6,1013.0
2022-08-01,"22,9","19,9","28,8",Chaleurs,8.9,24.4,1013.0
2022-08-02,"24,4","17,3","33,2",Canicule,15.9,25.3,1013.0
2022-08-03,"27,7","18,1","36,3",Canicule,18.2,27.2,1013.0
2022-08-04,"24,0","21,0","30,9",Canicule,9.9,26.0,1013.0
2022-08-05,"21,3","15,8","28,0",Chaleurs,12.2,21.9,1013.0
2022-08-06,"20,3","12,8","27,2",Chaleurs,14.4,20.0,1013.0
2022-08-07,"21,9","13,9","29,4",Chaleurs,15.5,21.7,1013.0
2022-08-08,"23,3","15,1","31,1",Canicule,16.0,23.1,1013.0
2022-08-09,"24,1","16,4","33,0",Canicule,16.6,24.7,1013.0
2022-08-10,"25,5","17,4","34,2",Canicule,16.8,25.8,1013.0
2022-08-11,"25,9","17,7","34,4",Canicule,16.7,26.1,1013.0
2022-08-12,"25,9","17,5","35,6",Canicule,18.1,26.6,1013.0
2022-08-13,"26,2","18,4","34,1",Canicule,15.7,26.3,1013.0
2022-08-14,"22,4","18,4","29,9",Pluie,11.5,24.2,1013.0
2022-08-15,"22,0","17,6","28,4",Chaleurs,10.8,23.0,1013.0
2022-08-16,"21,0","17,9","27,9",Pluie,10.0,22.9,1013.0
2022-08-17,"20,8","17,5","28,6",Chaleurs,11.1,23.1,1013.0
2022-08-18,"23,1","16,4","30,3",Canicule,13.9,23.4,1013.0
2022-08-19,"20,6","17,8","25,8",Chaleurs,8.0,21.8,1013.0
2022-08-20,"20,3","14,6","27,3",Chaleurs,12.7,21.0,1013.0
2022-08-21,"21,2","14,0","27,7",Chaleurs,13.7,20.9,1013.0
2022-08-22,"21,8","16,9","25,9",Chaleurs,9.0,21.4,1013.0
2022-08-23,"23,1","18,1","29,7",Chaleurs,11.6,23.9,1013.0
2022-08-24,"25,4","18,0","33,9",Canicule,15.9,26.0,1013.0
2022-08-25,"24,6","17,7","33,2",Canicule,15.5,25.5,1013.0
2022-08-26,"21,8","18,5","28,9",Chaleurs,10.4,23.7,1013.0
2022-08-27,"21,2","15,9","27,5",Chaleurs,11.6,21.7,1013.0
2022-08-28,"21,2","14,9","28,7",Chaleurs,13.8,21.8,1013.0
2022-08-29,"22,8","16,5","31,1",Canicule,14.6,23.8,1013.0
2022-08-30,"21,4","14,2","29,4",Chaleurs,15.2,21.8,1013.0
2022-08-31,"22,3","16,4","29,8",Chaleurs,13.4,23.1,1013.0
2022-09-01,"22,8","16,2","30,2",Canicule,14.0,23.2,1013.0
2022-09-02,"20,9","17,1","25,6",Chaleurs,8.5,21.4,1013.0
2022-09-03,"20,5","18,4","24,6",Chaleurs,6.2,21.5,1013.0
2022-09-04,"22,8","15,7","30,8",Canicule,15.1,23.3,1013.0
2022-09-05,"22,6","16,3","31,4",Canicule,15.1,23.9,1013.0
2022-09-06,"21,9","15,5","29,6",Chaleurs,14.1,22.6,1013.0
2022-09-07,"18,7","17,3","22,3",Pluie,5.0,19.8,1013.0
2022-09-08,"18,6","15,4","23,5",Gris,8.1,19.5,1013.0
2022-09-09,"17,3","15,6","20,2",Pluie,4.6,17.9,1013.0
2022-09-10,"16,6","15,3","20,8",Pluie,5.5,18.1,1013.0
2022-09-11,"17,3","12,1","24,5",Gris,12.4,18.3,1013.0
2022-09-12,"20,6","13,1","29,5",Chaleurs,16.4,21.3,1013.0
2022-09-13,"22,0","17,7","27,0",Pluie,9.3,22.4,1013.0
2022-09-14,"22,5","19,4","27,5",Chaleurs,8.1,23.5,1013.0
2022-09-15,"19,0","14,9","24,5",Gris,9.6,19.7,1013.0
2022-09-16,"15,2","12,9","21,5",Gris,8.6,17.2,1013.0
2022-09-17,"13,7","9,7","20,0",Gris,10.3,14.9,1013.0
2022-09-18,"14,4","8,6","22,1",Gris,13.5,15.4,1013.0
2022-09-19,"14,1","9,4","22,3",Gris,12.9,15.9,1013.0
2022-09-20,"13,1","7,9","19,9",Gris,12.0,13.9,1013.0
2022-09-21,"14,4","8,8","22,3",Gris,13.5,15.6,1013.0
2022-09-22,"14,2","7,2","22,9",Gris,15.7,15.1,1013.0
2022-09-23,"15,6","9,8","21,3",Gris,11.5,15.6,1013.0
2022-09-24,"15,1","13,2","19,2",Gris,6.0,16.2,1013.0
2022-09-25,"15,4","11,9","21,9",Gris,10.0,16.9,1013.0
2022-09-26,"12,9","11,9","15,2",Pluie,3.3,13.6,1013.0
2022-09-27,"12,7","10,9","15,2",Pluie,4.3,13.1,1013.0
2022-09-28,"13,0","11,2","17,7",Gris,6.5,14.5,1013.0
2022-09-29,"11,5","10,7","16,8",Frais,6.1,13.8,1013.0
2022-09-30,"13,2","6,3","19,3",Pluie,13.0,12.8,1013.0
2022-10-01,"17,1","12,3","22,5",Gris,10.2,17.4,1013.0
2022-10-02,"15,7","14,0","20,5",Pluie,6.5,17.3,1013.0
2022-10-03,"11,6","9,6","16,9",Frais,7.3,13.3,1013.0
2022-10-04,"14,1","7,4","20,7",Gris,13.3,14.1,1013.0
2022-10-05,"16,7","12,0","21,8",Gris,9.8,16.9,1013.0
2022-10-06,"14,4","10,5","22,3",Gris,11.8,16.4,1013.0
2022-10-07,"13,6","6,9","22,5",Gris,15.6,14.7,1013.0
2022-10-08,"14,2","10,5","21,2",Gris,10.7,15.9,1013.0
2022-10-09,"12,9","5,9","21,5",Gris,15.6,13.7,1013.0
2022-10-10,"14,9","9,5","21,0",Gris,11.5,15.3,1013.0
2022-10-11,"13,6","9,1","21,3",Gris,12.2,15.2,1013.0
2022-10-12,"13,3","6,5","22,2",Pluie,15.7,14.4,1013.0
2022-10-13,"14,5","12,7","15,8",Pluie,3.1,14.3,1013.0
2022-10-14,"15,5","14,5","17,4",Pluie,2.9,16.0,1013.0
2022-10-15,"16,9","15,2","19,7",Pluie,4.5,17.5,1013.0
2022-10-16,"17,3","13,9","20,8",Gris,6.9,17.4,1013.0
2022-10-17,"17,7","16,2","19,2",Pluie,3.0,17.7,1013.0
2022-10-18,"16,9","14,9","19,7",Gris,4.8,17.3,1013.0
2022-10-19,"17,7","13,8","23,4",Pluie,9.6,18.6,1013.0
2022-10-20,"18,2","16,0","23,5",Pluie,7.5,19.8,1013.0
2022-10-21,"17,4","14,9","21,9",Pluie,7.0,18.4,1013.0
2022-10-22,"17,4","13,9","23,0",Gris,9.1,18.5,1013.0
2022-10-23,"19,0","14,8","23,7",Gris,8.9,19.3,1013.0
2022-10-24,"16,7","15,4","19,8",Gris,4.4,17.6,1013.0
2022-10-25,"16,4","13,9","19,5",Gris,5.6,16.7,1013.0
2022-10-26,"18,2","15,1","23,4",Gris,8.3,19.3,1013.0
2022-10-27,"18,3","14,6","24,9",Gris,10.3,19.8,1013.0
2022-10-28,"18,3","13,8","23,4",Gris,9.6,18.6,1013.0
2022-10-29,"18,9","15,4","24,8",Gris,9.4,20.1,1013.0
2022-10-30,"15,9","13,4","20,1",Gris,6.7,16.8,1013.0
2022-10-31,"16,6","11,5","21,0",Pluie,9.5,16.3,1013.0
2022-11-01,"14,8","11,6","17,7",Gris,6.1,14.7,1013.0
2022-11-02,"13,4","10,9","16,7",Gris,5.8,13.8,1013.0
2022-11-03,"12,2","11,7","15,2",Pluie,3.5,13.5,1013.0
2022-11-04,"10,6","10,0","14,9",Pluie,4.9,12.5,1013.0
2022-11-05,"9,9","6,3","13,2",Frais,6.9,9.8,1013.0
2022-11-06,"10,5","9,0","12,8",Pluie,3.8,10.9,1013.0
2022-11-07,"13,9","11,7","17,4",Gris,5.7,14.6,1013.0
2022-11-08,"14,1","10,5","18,0",Gris,7.5,14.3,1013.0
2022-11-09,"12,9","11,1","16,8",Gris,5.7,14.0,1013.0
2022-11-10,"9,8","6,8","12,5",Frais,5.7,9.7,1013.0
2022-11-11,"10,4","9,1","15,8",Frais,6.7,12.5,1013.0
2022-11-12,"10,8","7,7","17,7",Frais,10.0,12.7,1013.0
2022-11-13,"10,0","6,4","17,4",Frais,11.0,11.9,1013.0
2022-11-14,"9,9","6,2","13,4",Frais,7.2,9.8,1013.0
2022-11-15,"11,1","8,4","13,1",Pluie,4.7,10.8,1013.0
2022-11-16,"11,6","9,0","13,8",Pluie,4.8,11.4,1013.0
2022-11-17,"12,4","11,1","15,3",Gris,4.2,13.2,1013.0
2022-11-18,"10,2","8,2","14,5",Frais,6.3,11.4,1013.0
2022-11-19,"9,1","6,4","13,9",Frais,7.5,10.2,1013.0
2022-11-20,"8,5","6,2","10,9",Frais,4.7,8.6,1013.0
2022-11-21,"7,6","6,5","8,9",Pluie,2.4,7.7,1013.0
2022-11-22,"8,8","5,6","11,6",Frais,6.0,8.6,1013.0
2022-11-23,"9,1","6,2","14,3",Pluie,8.1,10.3,1013.0
2022-11-24,"10,7","8,1","13,2",Frais,5.1,10.7,1013.0
2022-11-25,"10,1","8,6","13,5",Frais,4.9,11.1,1013.0
2022-11-26,"7,2","5,2","8,9",Frais,3.7,7.1,1013.0
2022-11-27,"8,3","6,4","10,3",Pluie,3.9,8.4,1013.0
2022-11-28,"9,8","8,3","12,3",Frais,4.0,10.3,1013.0
2022-11-29,"8,0","7,1","9,7",Frais,2.6,8.4,1013.0
2022-11-30,"6,7","4,6","8,4",Frais,3.8,6.5,1013.0
2022-12-01,"5,7","4,6","6,4",Frais,1.8,5.5,1013.0
2022-12-02,"4,7","3,6","5,7",Pluie,2.1,4.7,1013.0
2022-12-03,"3,5","2,9","4,3",Froid,1.4,3.6,1013.0
2022-12-04,"3,6","2,6","4,7",Pluie,2.1,3.7,1013.0
2022-12-05,"2,7","1,9","3,5",Froid,1.6,2.7,1013.0
2022-12-06,"3,6","2,4","5,6",Froid,3.2,4.0,1013.0
2022-12-07,"4,3","0,7","7,7",Froid,7.0,4.2,1013.0
2022-12-08,"3,8","2,8","4,2",Froid,1.4,3.5,1013.0
2022-12-09,"2,1","0,0","4,1",Froid,4.1,2.1,1013.0
2022-12-10,"2,0","0,5","5,0",Froid,4.5,2.8,1013.0
2022-12-11,"-1,1","-2,0","0,5",Froid,2.5,-0.8,1013.0
2022-12-12,"-1,2","-1,9","0,8",Froid,2.7,-0.6,1013.0
2022-12-13,"-0,6","-3,1","2,6",Froid,5.7,-0.3,1013.0
2022-12-14,"0,8","-0,4","2,8",Neige,3.2,1.2,1013.0
2022-12-15,"-0,5","-2,7","2,2",Froid,4.9,-0.3,1013.0
2022-12-16,"-0,6","-1,7","1,9",Froid,3.6,0.1,1013.0
2022-12-17,"-1,5","-2,5","0,6",Froid,3.1,-1.0,1013.0
2022-12-18,"-0,5","-4,2","7,7",Neige,11.9,1.8,1013.0
2022-12-19,"9,8","2,1","13,1",Frais,11.0,7.6,1013.0
2022-12-20,"11,6","10,7","12,4",Pluie,1.7,11.6,1013.0
2022-12-21,"11,1","8,7","13,1",Pluie,4.4,10.9,1013.0
2022-12-22,"13,0","11,4","14,8",Pluie,3.4,13.1,1013.0
2022-12-23,"13,9","13,3","16,1",Gris,2.8,14.7,1013.0
2022-12-24,"11,2","11,0","12,1",Pluie,1.1,11.6,1013.0
2022-12-25,"12,3","10,4","13,9",Gris,3.5,12.2,1013.0
2022-12-26,"10,2","8,1","12,6",Pluie,4.5,10.4,1013.0
2022-12-27,"7,4","5,3","10,3",Frais,5.0,7.8,1013.0
2022-12-28,"10,8","7,1","12,0",Pluie,4.9,9.6,1013.0
2022-12-29,"10,4","9,6","12,3",Frais,2.7,11.0,1013.0
2022-12-30,"11,2","6,0","16,3",Pluie,10.3,11.2,1013.0
2022-12-31,"15,7","14,5","16,5",Gris,2.0,15.5,1013.0
2023-01-01,"13,6","11,7","15,3",Pluie,3.6,13.5,1013.0
2023-01-02,"10,7","10,0","12,9",Pluie,2.9,11.5,1013.0
2023-01-03,"8,4","5,7","11,2",Pluie,5.5,8.5,1013.0
2023-01-04,"12,5","9,5","14,3",Gris,4.8,11.9,1013.0
2023-01-05,"12,9","11,9","14,1",Gris,2.2,13.0,1013.0
2023-01-06,"12,0","10,9","13,6",Gris,2.7,12.3,1013.0
2023-01-07,"10,4","8,2","11,5",Pluie,3.3,9.9,1013.0
2023-01-08,"9,7","8,1","11,6",Pluie,3.5,9.9,1013.0
2023-01-09,"7,7","6,6","9,8",Pluie,3.2,8.2,1013.0
2023-01-10,"8,1","5,1","12,7",Pluie,7.6,8.9,1013.0
2023-01-11,"11,2","10,5","12,7",Frais,2.2,11.6,1013.0
2023-01-12,"11,3","9,7","12,2",Pluie,2.5,11.0,1013.0
2023-01-13,"9,9","9,0","11,8",Frais,2.8,10.4,1013.0
2023-01-14,"10,5","8,3","12,6",Pluie,4.3,10.5,1013.0
2023-01-15,"7,7","6,3","10,0",Pluie,3.7,8.2,1013.0
2023-01-16,"5,7","4,7","7,0",Pluie,2.3,5.9,1013.0
2023-01-17,"2,9","1,5","4,4",Froid,2.9,3.0,1013.0
2023-01-18,"2,9","0,2","6,9",Froid,6.7,3.6,1013.0
2023-01-19,"1,9","0,8","3,4",Neige,2.6,2.1,1013.0
2023-01-20,"3,8","0,5","7,4",Froid,6.9,4.0,1013.0
2023-01-21,"2,2","0,2","5,7",Froid,5.5,3.0,1013.0
2023-01-22,"1,2","-0,4","2,7",Froid,3.1,1.2,1013.0
2023-01-23,"2,4","1,2","3,3",Froid,2.1,2.3,1013.0
2023-01-24,"2,7","1,6","3,6",Froid,2.0,2.6,1013.0
2023-01-25,"1,2","-0,1","2,1",Neige,2.2,1.0,1013.0
2023-01-26,"3,1","-0,3","5,5",Froid,5.8,2.6,1013.0
2023-01-27,"4,9","4,5","5,3",Froid,0.8,4.9,1013.0
2023-01-28,"3,2","1,8","4,5",Froid,2.7,3.2,1013.0
2023-01-29,"2,8","-1,4","5,9",Froid,7.3,2.3,1013.0
2023-01-30,"6,4","4,5","9,7",Frais,5.2,7.1,1013.0
2023-01-31,"6,8","2,5","10,2",Frais,7.7,6.4,1013.0
2023-02-01,"8,8","7,2","11,0",Frais,3.8,9.1,1013.0
2023-02-02,"8,8","6,4","10,7",Frais,4.3,8.6,1013.0
2023-02-03,"9,5","7,9","10,8",Frais,2.9,9.4,1013.0
2023-02-04,"9,5","9,2","10,6",Pluie,1.4,9.9,1013.0
2023-02-05,"7,7","7,2","11,6",Frais,4.4,9.4,1013.0
2023-02-06,"4,7","1,7","10,4",Froid,8.7,6.1,1013.0
2023-02-07,"3,2","0,3","9,0",Froid,8.7,4.7,1013.0
2023-02-08,"2,7","-1,7","9,2",Froid,10.9,3.8,1013.0
2023-02-09,"3,4","-1,6","9,1",Froid,10.7,3.8,1013.0
2023-02-10,"7,4","2,6","10,8",Frais,8.2,6.7,1013.0
2023-02-11,"7,1","1,8","12,4",Frais,10.6,7.1,1013.0
2023-02-12,"7,5","6,8","10,0",Frais,3.2,8.4,1013.0
2023-02-13,"7,0","2,2","14,4",Frais,12.2,8.3,1013.0
2023-02-14,"7,1","1,6","15,9",Frais,14.3,8.8,1013.0
2023-02-15,"7,5","3,0","13,3",Frais,10.3,8.2,1013.0
2023-02-16,"10,1","4,1","14,8",Frais,10.7,9.5,1013.0
2023-02-17,"13,3","11,3","16,2",Gris,4.9,13.8,1013.0
2023-02-18,"12,0","11,5","12,7",Gris,1.2,12.1,1013.0
2023-02-19,"11,1","10,5","15,2",Frais,4.7,12.9,1013.0
2023-02-20,"8,8","4,9","15,5",Frais,10.6,10.2,1013.0
2023-02-21,"9,9","3,0","18,6",Frais,15.6,10.8,1013.0
2023-02-22,"9,6","8,9","10,2",Frais,1.3,9.6,1013.0
2023-02-23,"9,1","6,1","11,4",Frais,5.3,8.8,1013.0
2023-02-24,"8,5","6,7","13,5",Frais,6.8,10.1,1013.0
2023-02-25,"6,4","3,7","10,1",Frais,6.4,6.9,1013.0
2023-02-26,"3,1","0,3","7,5",Froid,7.2,3.9,1013.0
2023-02-27,"3,5","-0,8","9,5",Froid,10.3,4.4,1013.0
2023-02-28,"2,9","-1,0","7,9",Froid,8.9,3.5,1013.0
2023-03-01,"3,5","-1,0","10,2",Froid,11.2,4.6,1013.0
2023-03-02,"4,9","-0,3","12,1",Froid,12.4,5.9,1013.0
2023-03-03,"4,9","1,2","12,5",Froid,11.3,6.9,1013.0
2023-03-04,"4,4","0,8","6,7",Froid,5.9,3.8,1013.0
2023-03-05,"6,2","5,1","7,2",Frais,2.1,6.2,1013.0
2023-03-06,"6,3","4,1","7,9",Frais,3.8,6.0,1013.0
2023-03-07,"7,3","5,2","10,0",Pluie,4.8,7.6,1013.0
2023-03-08,"10,7","5,5","15,0",Pluie,9.5,10.3,1013.0
2023-03-09,"12,4","9,9","15,6",Pluie,5.7,12.8,1013.0
2023-03-10,"7,8","5,4","9,6",Frais,4.2,7.5,1013.0
2023-03-11,"6,6","3,6","10,2",Frais,6.6,6.9,1013.0
2023-03-12,"12,2","7,6","15,0",Doux,7.4,11.3,1013.0
2023-03-13,"13,9","12,3","16,8",Doux,4.5,14.6,1013.0
2023-03-14,"8,8","7,5","12,8",Pluie,5.3,10.2,1013.0
2023-03-15,"8,4","3,3","12,2",Frais,8.9,7.8,1013.0
2023-03-16,"12,0","6,2","18,9",Doux,12.7,12.6,1013.0
2023-03-17,"13,1","9,8","17,4",Pluie,7.6,13.6,1013.0
2023-03-18,"13,1","9,7","17,3",Doux,7.6,13.5,1013.0
2023-03-19,"10,3","9,8","13,3",Pluie,3.5,11.6,1013.0
2023-03-20,"11,0","4,3","15,7",Frais,11.4,10.0,1013.0
2023-03-21,"12,9","9,8","16,7",Doux,6.9,13.3,1013.0
2023-03-22,"12,5","9,8","15,0",Pluie,5.2,12.4,1013.0
2023-03-23,"14,3","12,2","17,1",Doux,4.9,14.7,1013.0
2023-03-24,"12,9","11,5","16,5",Pluie,5.0,14.0,1013.0
2023-03-25,"12,0","9,3","15,6",Pluie,6.3,12.5,1013.0
2023-03-26,"10,1","8,6","14,5",Frais,5.9,11.6,1013.0
2023-03-27,"8,3","5,8","12,3",Frais,6.5,9.1,1013.0
2023-03-28,"8,5","4,8","11,2",Frais,6.4,8.0,1013.0
2023-03-29,"16,3","9,0","21,6",Soleil,12.6,15.3,1013.0
2023-03-30,"15,1","13,2","18,5",Pluie,5.3,15.9,1013.0
2023-03-31,"13,1","11,8","16,0",Pluie,4.2,13.9,1013.0
2023-04-01,"12,0","10,5","17,2",Pluie,6.7,13.9,1013.0
2023-04-02,"8,2","7,6","9,5",Frais,1.9,8.6,1013.0
2023-04-03,"9,0","5,5","14,7",Frais,9.2,10.1,1013.0
2023-04-04,"8,3","2,3","15,3",Frais,13.0,8.8,1013.0
2023-04-05,"10,5","2,5","18,0",Frais,15.5,10.3,1013.0
2023-04-06,"12,0","9,7","17,2",Doux,7.5,13.5,1013.0
2023-04-07,"11,1","7,2","17,4",Frais,10.2,12.3,1013.0
2023-04-08,"10,7","4,6","18,2",Frais,13.6,11.4,1013.0
2023-04-09,"13,0","4,7","20,3",Doux,15.6,12.5,1013.0
2023-04-10,"13,1","10,5","17,4",Pluie,6.9,14.0,1013.0
2023-04-11,"10,9","8,9","14,3",Pluie,5.4,11.6,1013.0
2023-04-12,"10,3","7,4","14,7",Pluie,7.3,11.1,1013.0
2023-04-13,"10,4","7,0","15,5",Frais,8.5,11.3,1013.0
2023-04-14,"8,0","5,5","10,1",Pluie,4.6,7.8,1013.0
2023-04-15,"10,6","8,2","15,7",Frais,7.5,12.0,1013.0
2023-04-16,"11,5","5,2","18,8",Frais,13.6,12.0,1013.0
2023-04-17,"10,0","6,1","13,6",Frais,7.5,9.9,1013.0
2023-04-18,"12,2","7,1","18,1",Doux,11.0,12.6,1013.0
2023-04-19,"14,4","8,3","21,9",Doux,13.6,15.1,1013.0
2023-04-20,"9,6","7,0","16,0",Frais,9.0,11.5,1013.0
2023-04-21,"9,9","3,8","16,7",Pluie,12.9,10.3,1013.0
2023-04-22,"12,5","7,0","18,1",Pluie,11.1,12.6,1013.0
2023-04-23,"11,6","9,2","16,5",Pluie,7.3,12.9,1013.0
2023-04-24,"11,1","8,5","15,7",Pluie,7.2,12.1,1013.0
2023-04-25,"9,2","7,9","13,2",Frais,5.3,10.6,1013.0
2023-04-26,"11,1","5,0","15,1",Pluie,10.1,10.1,1013.0
2023-04-27,"15,2","9,7","19,9",Pluie,10.2,14.8,1013.0
2023-04-28,"17,6","15,0","24,5",Soleil,9.5,19.8,1013.0
2023-04-29,"12,8","10,3","18,6",Doux,8.3,14.5,1013.0
2023-04-30,"13,7","8,0","19,0",Doux,11.0,13.5,1013.0
2023-05-01,"13,1","9,6","18,0",Pluie,8.4,13.8,1013.0
2023-05-02,"14,8","8,8","20,4",Doux,11.6,14.6,1013.0
2023-05-03,"16,2","7,5","23,9",Soleil,16.4,15.7,1013.0
2023-05-04,"18,8","12,2","24,3",Soleil,12.1,18.3,1013.0
2023-05-05,"16,6","13,7","22,4",Pluie,8.7,18.1,1013.0
2023-05-06,"17,0","12,4","21,8",Pluie,9.4,17.1,1013.0
2023-05-07,"15,5","14,0","19,6",Pluie,5.6,16.8,1013.0
2023-05-08,"16,1","11,6","20,2",Pluie,8.6,15.9,1013.0
2023-05-09,"14,6","11,8","19,5",Pluie,7.7,15.7,1013.0
2023-05-10,"13,6","10,6","19,8",Pluie,9.2,15.2,1013.0
2023-05-11,"13,5","11,4","17,0",Doux,5.6,14.2,1013.0
2023-05-12,"12,6","9,9","14,8",Pluie,4.9,12.4,1013.0
2023-05-13,"16,4","11,3","24,3",Soleil,13.0,17.8,1013.0
2023-05-14,"14,5","10,3","22,2",Doux,11.9,16.3,1013.0
2023-05-15,"12,1","9,7","16,3",Pluie,6.6,13.0,1013.0
2023-05-16,"13,0","6,7","18,9",Doux,12.2,12.8,1013.0
2023-05-17,"14,2","9,0","20,1",Doux,11.1,14.6,1013.0
2023-05-18,"14,4","8,2","20,5",Doux,12.3,14.4,1013.0
2023-05-19,"15,9","8,5","22,4",Soleil,13.9,15.5,1013.0
2023-05-20,"17,5","11,4","24,0",Soleil,12.6,17.7,1013.0
2023-05-21,"18,3","13,0","23,8",Soleil,10.8,18.4,1013.0
2023-05-22,"17,8","12,4","24,9",Soleil,12.5,18.7,1013.0
2023-05-23,"15,2","12,8","21,5",Soleil,8.7,17.2,1013.0
2023-05-24,"15,6","8,3","22,5",Soleil,14.2,15.4,1013.0
2023-05-25,"17,5","10,4","24,0",Soleil,13.6,17.2,1013.0
2023-05-26,"17,9","10,2","25,3",Soleil,15.1,17.8,1013.0
2023-05-27,"19,3","11,2","26,2",Soleil,15.0,18.7,1013.0
2023-05-28,"21,0","13,2","28,6",Chaleurs,15.4,20.9,1013.0
2023-05-29,"19,4","13,5","26,6",Soleil,13.1,20.1,1013.0
2023-05-30,"18,0","10,5","25,0",Soleil,14.5,17.8,1013.0
2023-05-31,"20,5","11,9","28,2",Chaleurs,16.3,20.1,1013.0
2023-06-01,"20,9","14,2","29,0",Chaleurs,14.8,21.6,1013.0
2023-06-02,"16,6","10,7","23,5",Soleil,12.8,17.1,1013.0
2023-06-03,"19,6","11,5","26,9",Soleil,15.4,19.2,1013.0
2023-06-04,"20,5","13,0","28,1",Chaleurs,15.1,20.6,1013.0
2023-06-05,"20,6","13,2","28,1",Chaleurs,14.9,20.7,1013.0
2023-06-06,"20,5","12,2","28,7",Chaleurs,16.5,20.5,1013.0
2023-06-07,"21,0","13,9","29,5",Chaleurs,15.6,21.7,1013.0
2023-06-08,"22,8","15,3","29,8",Chaleurs,14.5,22.6,1013.0
2023-06-09,"24,8","16,0","31,6",Canicule,15.6,23.8,1013.0
2023-06-10,"24,3","19,9","30,5",Canicule,10.6,25.2,1013.0
2023-06-11,"22,2","20,6","27,1",Pluie,6.5,23.9,1013.0
2023-06-12,"21,9","17,3","28,6",Chaleurs,11.3,23.0,1013.0
2023-06-13,"23,8","16,3","31,0",Canicule,14.7,23.7,1013.0
2023-06-14,"24,0","15,6","30,9",Canicule,15.3,23.3,1013.0
2023-06-15,"23,8","15,9","30,7",Canicule,14.8,23.3,1013.0
2023-06-16,"24,4","15,9","30,9",Canicule,15.0,23.4,1013.0
2023-06-17,"24,4","19,5","30,7",Canicule,11.2,25.1,1013.0
2023-06-18,"22,2","18,7","29,9",Pluie,11.2,24.3,1013.0
2023-06-19,"21,4","16,9","26,5",Chaleurs,9.6,21.7,1013.0
2023-06-20,"22,6","18,7","27,7",Chaleurs,9.0,23.2,1013.0
2023-06-21,"23,6","17,9","29,4",Pluie,11.5,23.7,1013.0
2023-06-22,"20,2","17,7","25,9",Pluie,8.2,21.8,1013.0
2023-06-23,"23,0","16,0","30,1",Canicule,14.1,23.1,1013.0
2023-06-24,"24,4","16,1","31,7",Canicule,15.6,23.9,1013.0
2023-06-25,"26,8","17,8","34,3",Canicule,16.5,26.1,1013.0
2023-06-26,"20,1","16,9","25,8",Chaleurs,8.9,21.4,1013.0
2023-06-27,"20,8","15,4","27,1",Chaleurs,11.7,21.3,1013.0
2023-06-28,"22,3","15,8","27,7",Chaleurs,11.9,21.8,1013.0
2023-06-29,"21,6","19,9","27,2",Chaleurs,7.3,23.6,1013.0
2023-06-30,"20,4","15,1","25,0",Pluie,9.9,20.1,1013.0
2023-07-01,"19,8","16,4","24,3",Pluie,7.9,20.4,1013.0
2023-07-02,"19,3","14,8","25,1",Soleil,10.3,20.0,1013.0
2023-07-03,"20,6","17,3","25,3",Chaleurs,8.0,21.3,1013.0
2023-07-04,"18,7","14,7","24,3",Pluie,9.6,19.5,1013.0
2023-07-05,"17,2","12,7","22,2",Soleil,9.5,17.5,1013.0
2023-07-06,"20,6","12,0","28,0",Chaleurs,16.0,20.0,1013.0
2023-07-07,"24,3","14,4","31,9",Canicule,17.5,23.2,1013.0
2023-07-08,"27,2","19,7","34,3",Canicule,14.6,27.0,1013.0
2023-07-09,"23,8","20,9","29,7",Chaleurs,8.8,25.3,1013.0
2023-07-10,"23,7","17,1","29,8",Chaleurs,12.7,23.5,1013.0
2023-07-11,"25,3","16,9","32,7",Canicule,15.8,24.8,1013.0
2023-07-12,"20,8","17,2","26,2",Chaleurs,9.0,21.7,1013.0
2023-07-13,"20,4","17,2","25,3",Chaleurs,8.1,21.3,1013.0
2023-07-14,"24,6","16,0","31,4",Canicule,15.4,23.7,1013.0
2023-07-15,"22,4","20,4","25,4",Pluie,5.0,22.9,1013.0
2023-07-16,"20,5","15,7","25,7",Chaleurs,10.0,20.7,1013.0
2023-07-17,"20,3","15,0","26,4",Chaleurs,11.4,20.7,1013.0
2023-07-18,"22,9","14,1","30,4",Canicule,16.3,22.3,1013.0
2023-07-19,"20,6","17,1","25,4",Chaleurs,8.3,21.3,1013.0
2023-07-20,"21,0","15,3","26,5",Chaleurs,11.2,20.9,1013.0
2023-07-21,"20,2","15,7","25,5",Chaleurs,9.8,20.6,1013.0
2023-07-22,"20,5","12,7","26,4",Chaleurs,13.7,19.6,1013.0
2023-07-23,"20,9","17,9","25,2",Pluie,7.3,21.6,1013.0
2023-07-24,"19,9","17,8","24,2",Pluie,6.4,21.0,1013.0
2023-07-25,"17,0","13,9","22,2",Soleil,8.3,18.1,1013.0
2023-07-26,"19,5","12,5","24,3",Soleil,11.8,18.4,1013.0
2023-07-27,"19,7","18,7","22,0",Pluie,3.3,20.4,1013.0
2023-07-28,"20,4","18,5","24,8",Pluie,6.3,21.7,1013.0
2023-07-29,"20,5","17,3","26,6",Pluie,9.3,22.0,1013.0
2023-07-30,"19,9","16,0","24,5",Soleil,8.5,20.3,1013.0
2023-07-31,"19,0","17,9","20,8",Pluie,2.9,19.4,1013.0
2023-08-01,"19,3","15,3","23,8",Pluie,8.5,19.6,1013.0
2023-08-02,"20,3","16,8","25,2",Pluie,8.4,21.0,1013.0
2023-08-03,"17,0","15,7","20,4",Pluie,4.7,18.1,1013.0
2023-08-04,"17,8","14,6","23,8",Pluie,9.2,19.2,1013.0
2023-08-05,"16,4","13,6","20,0",Pluie,6.4,16.8,1013.0
2023-08-06,"16,8","13,8","21,1",Soleil,7.3,17.5,1013.0
2023-08-07,"18,2","12,7","24,4",Soleil,11.7,18.6,1013.0
2023-08-08,"20,0","15,0","25,0",Chaleurs,10.0,20.0,1013.0
2023-08-09,"19,9","16,4","25,9",Soleil,9.5,21.2,1013.0
2023-08-10,"22,0","14,5","29,7",Chaleurs,15.2,22.1,1013.0
2023-08-11,"22,2","17,3","28,5",Pluie,11.2,22.9,1013.0
2023-08-12,"21,9","18,6","27,4",Chaleurs,8.8,23.0,1013.0
2023-08-13,"20,4","17,5","25,9",Chaleurs,8.4,21.7,1013.0
2023-08-14,"21,8","15,6","29,5",Pluie,13.9,22.6,1013.0
2023-08-15,"21,7","18,3","26,3",Chaleurs,8.0,22.3,1013.0
2023-08-16,"22,7","17,0","29,8",Chaleurs,12.8,23.4,1013.0
2023-08-17,"23,9","17,5","30,7",Canicule,13.2,24.1,1013.0
2023-08-18,"25,4","18,0","31,9",Canicule,13.9,25.0,1013.0
2023-08-19,"24,2","21,1","27,8",Pluie,6.7,24.5,1013.0
2023-08-20,"24,7","17,3","32,1",Canicule,14.8,24.7,1013.0
2023-08-21,"23,5","17,4","31,5",Canicule,14.1,24.5,1013.0
2023-08-22,"24,4","17,3","33,3",Canicule,16.0,25.3,1013.0
2023-08-23,"25,0","17,5","32,8",Canicule,15.3,25.2,1013.0
2023-08-24,"24,0","21,3","30,4",Canicule,9.1,25.9,1013.0
2023-08-25,"20,4","20,2","22,1",Chaleurs,1.9,21.2,1013.0
2023-08-26,"18,6","14,6","23,7",Soleil,9.1,19.2,1013.0
2023-08-27,"16,7","13,4","22,7",Pluie,9.3,18.1,1013.0
2023-08-28,"17,1","13,6","23,3",Soleil,9.7,18.5,1013.0
2023-08-29,"17,4","13,1","22,2",Soleil,9.1,17.7,1013.0
2023-08-30,"17,4","12,8","22,4",Soleil,9.6,17.6,1013.0
2023-08-31,"17,4","14,6","19,4",Pluie,4.8,17.0,1013.0
2023-09-01,"20,1","17,5","23,6",Chaleurs,6.1,20.6,1013.0
2023-09-02,"22,9","15,5","31,9",Canicule,16.4,23.7,1013.0
2023-09-03,"24,7","17,7","33,2",Canicule,15.5,25.5,1013.0
2023-09-04,"24,6","17,7","32,6",Canicule,14.9,25.2,1013.0
2023-09-05,"24,5","18,0","35,0",Canicule,17.0,26.5,1013.0
2023-09-06,"25,7","18,4","35,7",Canicule,17.3,27.1,1013.0
2023-09-07,"24,4","16,4","34,6",Canicule,18.2,25.5,1013.0
2023-09-08,"26,1","18,8","36,5",Canicule,17.7,27.7,1013.0
2023-09-09,"27,6","19,2","36,2",Canicule,17.0,27.7,1013.0
2023-09-10,"27,1","19,8","35,6",Canicule,15.8,27.7,1013.0
2023-09-11,"23,5","19,7","30,4",Canicule,10.7,25.1,1013.0
2023-09-12,"18,8","18,1","20,1",Pluie,2.0,19.1,1013.0
2023-09-13,"19,0","16,8","22,7",Gris,5.9,19.8,1013.0
2023-09-14,"19,7","14,8","26,9",Gris,12.1,20.9,1013.0
2023-09-15,"20,9","14,1","29,5",Chaleurs,15.4,21.8,1013.0
2023-09-16,"20,8","14,9","26,6",Chaleurs,11.7,20.8,1013.0
2023-09-17,"21,4","17,0","27,8",Pluie,10.8,22.4,1013.0
2023-09-18,"19,7","17,8","25,4",Pluie,7.6,21.6,1013.0
2023-09-19,"18,4","14,2","21,9",Gris,7.7,18.1,1013.0
2023-09-20,"20,9","16,5","25,4",Pluie,8.9,21.0,1013.0
2023-09-21,"16,6","15,2","18,2",Pluie,3.0,16.7,1013.0
2023-09-22,"14,5","12,7","18,3",Pluie,5.6,15.5,1013.0
2023-09-23,"13,9","11,0","19,5",Gris,8.5,15.3,1013.0
2023-09-24,"15,3","8,8","22,4",Gris,13.6,15.6,1013.0
2023-09-25,"17,3","10,5","26,9",Gris,16.4,18.7,1013.0
2023-09-26,"18,7","13,2","26,9",Gris,13.7,20.1,1013.0
2023-09-27,"20,7","14,0","27,7",Chaleurs,13.7,20.9,1013.0
2023-09-28,"20,4","16,9","23,9",Chaleurs,7.0,20.4,1013.0
2023-09-29,"18,9","18,0","23,5",Gris,5.5,20.8,1013.0
2023-09-30,"16,8","11,0","26,4",Gris,15.4,18.7,1013.0
2023-10-01,"19,4","13,0","28,5",Gris,15.5,20.8,1013.0
2023-10-02,"21,8","14,7","30,0",Chaleurs,15.3,22.4,1013.0
2023-10-03,"18,5","16,8","21,4",Gris,4.6,19.1,1013.0
2023-10-04,"14,9","10,4","21,3",Gris,10.9,15.9,1013.0
2023-10-05,"15,3","10,1","22,5",Gris,12.4,16.3,1013.0
2023-10-06,"15,0","9,2","25,0",Gris,15.8,17.1,1013.0
2023-10-07,"17,0","10,4","26,8",Gris,16.4,18.6,1013.0
2023-10-08,"18,2","11,5","29,7",Gris,18.2,20.6,1013.0
2023-10-09,"18,3","12,5","28,7",Gris,16.2,20.6,1013.0
2023-10-10,"18,9","11,6","29,5",Gris,17.9,20.6,1013.0
2023-10-11,"19,2","12,6","26,9",Gris,14.3,19.8,1013.0
2023-10-12,"19,7","16,0","23,0",Pluie,7.0,19.5,1013.0
2023-10-13,"21,5","18,3","26,2",Chaleurs,7.9,22.3,1013.0
2023-10-14,"13,7","11,7","17,0",Gris,5.3,14.4,1013.0
2023-10-15,"11,0","8,4","16,2",Frais,7.8,12.3,1013.0
2023-10-16,"9,6","6,2","15,7",Frais,9.5,11.0,1013.0
2023-10-17,"11,4","4,4","18,2",Frais,13.8,11.3,1013.0
2023-10-18,"15,4","10,5","19,1",Pluie,8.6,14.8,1013.0
2023-10-19,"18,0","15,5","22,7",Pluie,7.2,19.1,1013.0
2023-10-20,"15,5","14,0","20,9",Pluie,6.9,17.5,1013.0
2023-10-21,"13,7","12,7","16,2",Pluie,3.5,14.5,1013.0
2023-10-22,"13,0","11,2","17,7",Gris,6.5,14.5,1013.0
2023-10-23,"10,8","7,8","12,3",Pluie,4.5,10.1,1013.0
2023-10-24,"13,8","11,5","17,1",Pluie,5.6,14.3,1013.0
2023-10-25,"13,4","11,4","16,4",Pluie,5.0,13.9,1013.0
2023-10-26,"13,4","11,6","15,8",Pluie,4.2,13.7,1013.0
2023-10-27,"13,0","11,5","16,2",Pluie,4.7,13.9,1013.0
2023-10-28,"13,2","10,8","15,4",Pluie,4.6,13.1,1013.0
2023-10-29,"14,0","12,0","17,9",Pluie,5.9,15.0,1013.0
2023-10-30,"11,8","11,3","13,5",Pluie,2.2,12.4,1013.0
2023-10-31,"12,9","9,2","16,9",Gris,7.7,13.1,1013.0
2023-11-01,"12,7","11,7","14,5",Pluie,2.8,13.1,1013.0
2023-11-02,"12,0","10,7","15,1",Gris,4.4,12.9,1013.0
2023-11-03,"8,9","6,8","10,8",Pluie,4.0,8.8,1013.0
2023-11-04,"11,0","8,4","15,6",Pluie,7.2,12.0,1013.0
2023-11-05,"11,8","10,5","15,8",Pluie,5.3,13.2,1013.0
2023-11-06,"11,2","9,1","15,6",Pluie,6.5,12.4,1013.0
2023-11-07,"10,5","8,2","14,3",Frais,6.1,11.3,1013.0
2023-11-08,"10,6","7,6","13,6",Pluie,6.0,10.6,1013.0
2023-11-09,"10,2","8,5","12,4",Pluie,3.9,10.5,1013.0
2023-11-10,"9,3","7,3","12,5",Pluie,5.2,9.9,1013.0
2023-11-11,"8,8","6,9","12,6",Pluie,5.7,9.8,1013.0
2023-11-12,"10,2","6,9","14,7",Pluie,7.8,10.8,1013.0
2023-11-13,"14,9","12,1","17,8",Pluie,5.7,15.0,1013.0
2023-11-14,"12,9","12,2","14,1",Pluie,1.9,13.2,1013.0
2023-11-15,"11,6","10,8","14,9",Pluie,4.1,12.9,1013.0
2023-11-16,"9,2","8,2","10,7",Pluie,2.5,9.5,1013.0
2023-11-17,"9,8","8,0","13,2",Pluie,5.2,10.6,1013.0
2023-11-18,"11,6","8,6","15,3",Pluie,6.7,12.0,1013.0
2023-11-19,"13,9","13,1","16,4",Gris,3.3,14.8,1013.0
2023-11-20,"11,2","10,7","13,2",Pluie,2.5,12.0,1013.0
2023-11-21,"10,8","9,4","12,3",Pluie,2.9,10.9,1013.0
2023-11-22,"8,3","5,6","11,8",Frais,6.2,8.7,1013.0
2023-11-23,"11,1","6,4","12,8",Frais,6.4,9.6,1013.0
2023-11-24,"9,2","7,1","11,8",Frais,4.7,9.5,1013.0
2023-11-25,"5,6","3,9","9,4",Frais,5.5,6.7,1013.0
2023-11-26,"5,0","2,0","7,8",Pluie,5.8,4.9,1013.0
2023-11-27,"6,9","4,2","9,6",Pluie,5.4,6.9,1013.0
2023-11-28,"5,7","4,1","8,6",Frais,4.5,6.4,1013.0
2023-11-29,"6,4","3,3","9,7",Frais,6.4,6.5,1013.0
2023-11-30,"5,1","2,9","8,2",Frais,5.3,5.6,1013.0
2023-12-01,"2,8","1,5","4,0",Froid,2.5,2.8,1013.0
2023-12-02,"1,2","-1,5","5,0",Froid,6.5,1.8,1013.0
2023-12-03,"1,9","-0,5","4,3",Neige,4.8,1.9,1013.0
2023-12-04,"6,9","2,9","10,0",Pluie,7.1,6.5,1013.0
2023-12-05,"7,8","7,0","9,4",Frais,2.4,8.2,1013.0
2023-12-06,"6,2","5,0","9,7",Frais,4.7,7.4,1013.0
2023-12-07,"5,1","3,5","8,4",Pluie,4.9,6.0,1013.0
2023-12-08,"9,1","5,6","12,3",Frais,6.7,9.0,1013.0
2023-12-09,"10,0","6,5","13,5",Pluie,7.0,10.0,1013.0
2023-12-10,"10,9","9,4","12,9",Pluie,3.5,11.2,1013.0
2023-12-11,"11,9","10,8","13,4",Frais,2.6,12.1,1013.0
2023-12-12,"12,0","10,4","13,8",Pluie,3.4,12.1,1013.0
2023-12-13,"9,2","8,6","10,5",Pluie,1.9,9.6,1013.0
2023-12-14,"8,4","7,8","9,1",Frais,1.3,8.5,1013.0
2023-12-15,"9,4","8,0","11,4",Frais,3.4,9.7,1013.0
2023-12-16,"7,3","4,6","11,2",Frais,6.6,7.9,1013.0
2023-12-17,"3,3","1,0","6,2",Froid,5.2,3.6,1013.0
2023-12-18,"2,5","1,4","6,0",Froid,4.6,3.7,1013.0
2023-12-19,"7,3","2,7","9,8",Pluie,7.1,6.3,1013.0
2023-12-20,"8,7","6,2","10,7",Frais,4.5,8.5,1013.0
2023-12-21,"11,3","9,6","12,4",Pluie,2.8,11.0,1013.0
2023-12-22,"10,7","10,0","11,7",Pluie,1.7,10.9,1013.0
2023-12-23,"11,0","9,3","12,7",Frais,3.4,11.0,1013.0
2023-12-24,"11,8","10,2","13,3",Frais,3.1,11.8,1013.0
2023-12-25,"12,2","11,5","12,9",Gris,1.4,12.2,1013.0
2023-12-26,"11,1","10,6","11,7",Frais,1.1,11.2,1013.0
2023-12-27,"10,2","8,4","11,6",Frais,3.2,10.0,1013.0
2023-12-28,"10,8","9,8","12,2",Frais,2.4,11.0,1013.0
2023-12-29,"11,0","9,7","12,2",Frais,2.5,11.0,1013.0
2023-12-30,"9,8","7,2","11,8",Pluie,4.6,9.5,1013.0
2023-12-31,"9,7","8,7","11,5",Frais,2.8,10.1,1013.0
2024-01-01,"8,9","6,8","11,5",Pluie,4.7,9.2,1013.0
2024-01-02,"11,4","9,0","12,7",Pluie,3.7,10.9,1013.0
2024-01-03,"11,2","10,4","13,0",Pluie,2.6,11.7,1013.0
2024-01-04,"10,1","8,3","11,6",Frais,3.3,10.0,1013.0
2024-01-05,"8,1","6,7","10,1",Frais,3.4,8.4,1013.0
2024-01-06,"6,3","5,5","7,9",Frais,2.4,6.7,1013.0
2024-01-07,"3,4","3,0","4,1",Froid,1.1,3.6,1013.0
2024-01-08,"-0,6","-1,0","-0,2",Neige,0.8,-0.6,1013.0
2024-01-09,"-1,4","-1,9","-0,8",Froid,1.1,-1.4,1013.0
2024-01-10,"-0,4","-2,0","2,4",Froid,4.4,0.2,1013.0
2024-01-11,"-0,2","-2,3","3,4",Froid,5.7,0.6,1013.0
2024-01-12,"1,8","-0,9","3,5",Froid,4.4,1.3,1013.0
2024-01-13,"-0,7","-0,9","-0,3",Froid,0.6,-0.6,1013.0
2024-01-14,"-0,9","-2,4","2,1",Froid,4.5,-0.2,1013.0
2024-01-15,"2,4","-0,2","6,6",Froid,6.8,3.2,1013.0
2024-01-16,"0,5","-3,1","5,0",Neige,8.1,1.0,1013.0
2024-01-17,"1,9","0,2","5,2",Neige,5.0,2.7,1013.0
2024-01-18,"1,0","-0,5","4,9",Froid,5.4,2.2,1013.0
2024-01-19,"0,5","-2,2","6,9",Froid,9.1,2.4,1013.0
2024-01-20,"0,2","-2,5","4,1",Neige,6.6,0.8,1013.0
2024-01-21,"5,2","-0,4","11,9",Frais,12.3,5.8,1013.0
2024-01-22,"11,5","8,1","14,6",Frais,6.5,11.4,1013.0
2024-01-23,"10,6","8,3","14,5",Frais,6.2,11.4,1013.0
2024-01-24,"13,8","12,0","15,4",Pluie,3.4,13.7,1013.0
2024-01-25,"11,8","10,1","14,4",Frais,4.3,12.3,1013.0
2024-01-26,"10,3","8,9","13,9",Frais,5.0,11.4,1013.0
2024-01-27,"5,0","1,5","9,5",Frais,8.0,5.5,1013.0
2024-01-28,"5,8","2,2","9,6",Frais,7.4,5.9,1013.0
2024-01-29,"9,6","4,6","14,9",Frais,10.3,9.8,1013.0
2024-01-30,"10,3","9,1","12,2",Frais,3.1,10.7,1013.0
2024-01-31,"8,7","5,2","11,0",Frais,5.8,8.1,1013.0
2024-02-01,"10,3","8,8","12,6",Frais,3.8,10.7,1013.0
2024-02-02,"7,8","4,9","11,5",Frais,6.6,8.2,1013.0
2024-02-03,"10,5","7,9","11,3",Frais,3.4,9.6,1013.0
2024-02-04,"10,4","9,9","11,4",Frais,1.5,10.7,1013.0
2024-02-05,"9,2","8,6","9,8",Frais,1.2,9.2,1013.0
2024-02-06,"10,6","8,0","12,6",Pluie,4.6,10.3,1013.0
2024-02-07,"12,0","11,3","13,0",Pluie,1.7,12.2,1013.0
2024-02-08,"12,5","11,9","14,4",Pluie,2.5,13.2,1013.0
2024-02-09,"12,0","10,5","14,4",Gris,3.9,12.5,1013.0
2024-02-10,"9,1","8,0","10,6",Pluie,2.6,9.3,1013.0
2024-02-11,"9,5","7,7","11,2",Frais,3.5,9.5,1013.0
2024-02-12,"8,5","6,7","13,9",Frais,7.2,10.3,1013.0
2024-02-13,"8,4","3,7","11,6",Frais,7.9,7.7,1013.0
2024-02-14,"12,9","10,0","16,6",Gris,6.6,13.3,1013.0
2024-02-15,"15,0","10,9","19,7",Gris,8.8,15.3,1013.0
2024-02-16,"13,5","12,3","14,9",Gris,2.6,13.6,1013.0
2024-02-17,"12,4","10,5","16,6",Gris,6.1,13.6,1013.0
2024-02-18,"10,2","7,7","12,6",Pluie,4.9,10.2,1013.0
2024-02-19,"11,0","10,6","12,0",Frais,1.4,11.3,1013.0
2024-02-20,"9,0","7,1","11,6",Frais,4.5,9.4,1013.0
2024-02-21,"9,4","7,0","12,3",Pluie,5.3,9.7,1013.0
2024-02-22,"10,8","8,7","14,1",Pluie,5.4,11.4,1013.0
2024-02-23,"6,7","5,1","10,5",Pluie,5.4,7.8,1013.0
2024-02-24,"6,3","4,3","9,3",Pluie,5.0,6.8,1013.0
2024-02-25,"7,4","5,1","9,2",Pluie,4.1,7.2,1013.0
2024-02-26,"7,9","6,2","10,7",Pluie,4.5,8.5,1013.0
2024-02-27,"6,9","5,2","10,5",Frais,5.3,7.9,1013.0
2024-02-28,"7,8","3,1","11,5",Frais,8.4,7.3,1013.0
2024-02-29,"9,5","8,1","11,0",Pluie,2.9,9.6,1013.0
2024-03-01,"8,0","5,3","12,1",Pluie,6.8,8.7,1013.0
2024-03-02,"6,8","5,7","8,9",Pluie,3.2,7.3,1013.0
2024-03-03,"7,2","5,5","10,6",Frais,5.1,8.1,1013.0
2024-03-04,"8,3","2,5","12,9",Frais,10.4,7.7,1013.0
2024-03-05,"8,0","7,0","11,0",Pluie,4.0,9.0,1013.0
2024-03-06,"7,7","5,8","11,9",Frais,6.1,8.9,1013.0
2024-03-07,"8,9","3,0","14,9",Frais,11.9,9.0,1013.0
2024-03-08,"9,7","3,9","14,8",Frais,10.9,9.4,1013.0
2024-03-09,"9,6","7,2","15,0",Pluie,7.8,11.1,1013.0
2024-03-10,"9,1","7,6","11,8",Frais,4.2,9.7,1013.0
2024-03-11,"9,6","7,4","13,5",Pluie,6.1,10.5,1013.0
2024-03-12,"10,5","8,4","12,6",Pluie,4.2,10.5,1013.0
2024-03-13,"12,3","11,1","13,9",Doux,2.8,12.5,1013.0
2024-03-14,"13,6","7,3","19,7",Doux,12.4,13.5,1013.0
2024-03-15,"14,4","13,4","18,3",Pluie,4.9,15.9,1013.0
2024-03-16,"13,2","10,4","16,5",Doux,6.1,13.5,1013.0
2024-03-17,"12,8","10,8","15,7",Pluie,4.9,13.3,1013.0
2024-03-18,"14,5","12,4","19,4",Doux,7.0,15.9,1013.0
2024-03-19,"13,6","8,8","19,8",Doux,11.0,14.3,1013.0
2024-03-20,"15,0","8,8","22,7",Doux,13.9,15.8,1013.0
2024-03-21,"15,8","10,3","22,0",Soleil,11.7,16.2,1013.0
2024-03-22,"14,2","10,1","20,4",Pluie,10.3,15.3,1013.0
2024-03-23,"8,0","5,4","13,0",Pluie,7.6,9.2,1013.0
2024-03-24,"8,6","5,3","13,9",Frais,8.6,9.6,1013.0
2024-03-25,"9,9","4,1","14,9",Frais,10.8,9.5,1013.0
2024-03-26,"10,0","9,1","13,2",Pluie,4.1,11.2,1013.0
2024-03-27,"9,4","6,5","13,6",Pluie,7.1,10.1,1013.0
2024-03-28,"10,0","6,6","13,4",Frais,6.8,10.0,1013.0
2024-03-29,"11,5","9,2","16,1",Pluie,6.9,12.7,1013.0
2024-03-30,"9,4","7,3","11,7",Pluie,4.4,9.5,1013.0
2024-03-31,"11,6","7,6","16,9",Pluie,9.3,12.3,1013.0
2024-04-01,"11,2","9,0","15,9",Frais,6.9,12.5,1013.0
2024-04-02,"11,7","8,7","15,6",Pluie,6.9,12.2,1013.0
2024-04-03,"13,9","10,4","18,1",Pluie,7.7,14.3,1013.0
2024-04-04,"15,3","10,7","20,7",Pluie,10.0,15.7,1013.0
2024-04-05,"16,1","13,9","18,6",Soleil,4.7,16.3,1013.0
2024-04-06,"19,0","14,1","24,8",Soleil,10.7,19.5,1013.0
2024-04-07,"16,0","15,4","19,0",Pluie,3.6,17.2,1013.0
2024-04-08,"16,4","11,4","24,0",Soleil,12.6,17.7,1013.0
2024-04-09,"10,7","9,1","14,4",Pluie,5.3,11.8,1013.0
2024-04-10,"12,9","6,8","19,0",Doux,12.2,12.9,1013.0
2024-04-11,"15,2","12,3","20,4",Soleil,8.1,16.4,1013.0
2024-04-12,"17,8","10,9","24,7",Soleil,13.8,17.8,1013.0
2024-04-13,"20,4","13,1","27,6",Chaleurs,14.5,20.4,1013.0
2024-04-14,"16,0","11,3","21,8",Soleil,10.5,16.6,1013.0
2024-04-15,"11,0","8,6","15,4",Pluie,6.8,12.0,1013.0
2024-04-16,"10,0","7,5","15,8",Pluie,8.3,11.7,1013.0
2024-04-17,"8,8","6,5","13,5",Pluie,7.0,10.0,1013.0
2024-04-18,"9,4","3,9","15,3",Frais,11.4,9.6,1013.0
2024-04-19,"9,9","8,8","12,2",Pluie,3.4,10.5,1013.0
2024-04-20,"8,2","4,9","12,3",Frais,7.4,8.6,1013.0
2024-04-21,"8,5","4,5","14,0",Frais,9.5,9.3,1013.0
2024-04-22,"8,1","3,9","14,6",Frais,10.7,9.3,1013.0
2024-04-23,"8,9","2,6","15,1",Frais,12.5,8.9,1013.0
2024-04-24,"8,7","7,0","12,6",Frais,5.6,9.8,1013.0
2024-04-25,"10,6","3,7","15,2",Frais,11.5,9.5,1013.0
2024-04-26,"12,3","5,8","16,4",Pluie,10.6,11.1,1013.0
2024-04-27,"12,8","10,2","17,7",Pluie,7.5,14.0,1013.0
2024-04-28,"13,0","10,5","18,2",Doux,7.7,14.4,1013.0
2024-04-29,"14,7","7,6","19,5",Doux,11.9,13.6,1013.0
2024-04-30,"15,6","12,6","20,5",Soleil,7.9,16.6,1013.0
2024-05-01,"16,8","13,4","21,4",Pluie,8.0,17.4,1013.0
2024-05-02,"11,9","11,2","13,7",Pluie,2.5,12.5,1013.0
2024-05-03,"13,3","9,9","18,4",Doux,8.5,14.2,1013.0
2024-05-04,"11,5","7,5","14,9",Frais,7.4,11.2,1013.0
2024-05-05,"14,1","10,0","18,3",Pluie,8.3,14.2,1013.0
2024-05-06,"14,6","11,8","19,6",Doux,7.8,15.7,1013.0
2024-05-07,"15,8","8,9","22,3",Soleil,13.4,15.6,1013.0
2024-05-08,"12,3","9,0","14,9",Doux,5.9,12.0,1013.0
2024-05-09,"15,4","9,0","23,7",Soleil,14.7,16.4,1013.0
2024-05-10,"19,3","11,1","27,0",Soleil,15.9,19.1,1013.0
2024-05-11,"20,9","12,2","28,4",Chaleurs,16.2,20.3,1013.0
2024-05-12,"19,8","13,8","28,0",Pluie,14.2,20.9,1013.0
2024-05-13,"18,9","16,1","23,1",Soleil,7.0,19.6,1013.0
2024-05-14,"15,3","13,7","16,2",Pluie,2.5,15.0,1013.0
2024-05-15,"16,5","13,0","22,6",Pluie,9.6,17.8,1013.0
2024-05-16,"16,6","12,9","21,7",Soleil,8.8,17.3,1013.0
2024-05-17,"16,5","12,0","21,3",Soleil,9.3,16.7,1013.0
2024-05-18,"17,1","11,8","24,1",Soleil,12.3,18.0,1013.0
2024-05-19,"17,4","14,3","24,1",Soleil,9.8,19.2,1013.0
2024-05-20,"17,0","11,9","24,5",Pluie,12.6,18.2,1013.0
2024-05-21,"16,4","13,7","21,7",Pluie,8.0,17.7,1013.0
2024-05-22,"16,5","14,0","21,5",Pluie,7.5,17.8,1013.0
2024-05-23,"16,8","13,1","21,8",Soleil,8.7,17.5,1013.0
2024-05-24,"16,8","13,3","22,5",Soleil,9.2,17.9,1013.0
2024-05-25,"18,2","10,6","23,6",Soleil,13.0,17.1,1013.0
2024-05-26,"18,9","16,2","23,6",Soleil,7.4,19.9,1013.0
2024-05-27,"15,0","13,6","19,0",Pluie,5.4,16.3,1013.0
2024-05-28,"14,9","10,7","17,6",Pluie,6.9,14.2,1013.0
2024-05-29,"15,5","14,0","16,6",Pluie,2.6,15.3,1013.0
2024-05-30,"14,5","13,0","17,3",Pluie,4.3,15.2,1013.0
2024-05-31,"14,3","12,6","18,0",Pluie,5.4,15.3,1013.0
2024-06-01,"13,3","12,9","14,4",Pluie,1.5,13.7,1013.0
2024-06-02,"14,6","12,4","19,0",Doux,6.6,15.7,1013.0
2024-06-03,"17,2","9,3","24,6",Soleil,15.3,17.0,1013.0
2024-06-04,"19,5","13,3","25,2",Soleil,11.9,19.3,1013.0
2024-06-05,"17,8","15,5","23,3",Soleil,7.8,19.4,1013.0
2024-06-06,"17,0","9,4","23,7",Soleil,14.3,16.6,1013.0
2024-06-07,"17,4","9,8","24,1",Soleil,14.3,17.0,1013.0
2024-06-08,"17,7","10,3","24,7",Soleil,14.4,17.5,1013.0
2024-06-09,"17,3","11,5","24,0",Soleil,12.5,17.8,1013.0
2024-06-10,"14,9","11,9","19,7",Doux,7.8,15.8,1013.0
2024-06-11,"13,7","9,2","19,3",Doux,10.1,14.3,1013.0
2024-06-12,"14,5","8,6","20,9",Doux,12.3,14.8,1013.0
2024-06-13,"17,1","10,2","21,7",Soleil,11.5,16.0,1013.0
2024-06-14,"17,2","13,4","23,2",Pluie,9.8,18.3,1013.0
2024-06-15,"15,2","11,9","18,3",Pluie,6.4,15.1,1013.0
2024-06-16,"16,0","13,0","19,7",Pluie,6.7,16.4,1013.0
2024-06-17,"19,6","15,1","24,7",Pluie,9.6,19.9,1013.0
2024-06-18,"19,6","15,8","24,6",Pluie,8.8,20.2,1013.0
2024-06-19,"18,8","16,4","23,7",Soleil,7.3,20.1,1013.0
2024-06-20,"19,7","16,2","25,0",Soleil,8.8,20.6,1013.0
2024-06-21,"19,8","17,0","25,3",Pluie,8.3,21.2,1013.0
2024-06-22,"17,7","13,9","23,3",Pluie,9.4,18.6,1013.0
2024-06-23,"19,7","12,4","26,6",Soleil,14.2,19.5,1013.0
2024-06-24,"22,8","14,5","29,8",Chaleurs,15.3,22.2,1013.0
2024-06-25,"24,5","17,0","32,3",Canicule,15.3,24.7,1013.0
2024-06-26,"25,7","18,6","33,0",Canicule,14.4,25.8,1013.0
2024-06-27,"24,8","19,2","31,2",Canicule,12.0,25.2,1013.0
2024-06-28,"19,8","15,3","26,5",Soleil,11.2,20.9,1013.0
2024-06-29,"19,5","14,2","25,1",Soleil,10.9,19.7,1013.0
2024-06-30,"20,2","15,0","25,2",Chaleurs,10.2,20.1,1013.0
2024-07-01,"18,4","15,6","21,3",Soleil,5.7,18.5,1013.0
2024-07-02,"17,8","15,3","23,5",Soleil,8.2,19.4,1013.0
2024-07-03,"17,8","13,8","22,2",Pluie,8.4,18.0,1013.0
2024-07-04,"19,0","14,6","23,8",Soleil,9.2,19.2,1013.0
2024-07-05,"21,1","14,5","27,7",Chaleurs,13.2,21.1,1013.0
2024-07-06,"18,3","14,9","23,0",Soleil,8.1,19.0,1013.0
2024-07-07,"17,6","11,3","22,6",Soleil,11.3,17.0,1013.0
2024-07-08,"20,0","12,8","26,3",Chaleurs,13.5,19.6,1013.0
2024-07-09,"21,6","16,3","26,8",Pluie,10.5,21.6,1013.0
2024-07-10,"22,4","19,6","27,2",Chaleurs,7.6,23.4,1013.0
2024-07-11,"21,1","16,4","26,3",Pluie,9.9,21.4,1013.0
2024-07-12,"16,6","14,2","22,4",Pluie,8.2,18.3,1013.0
2024-07-13,"17,5","12,5","25,3",Soleil,12.8,18.9,1013.0
2024-07-14,"18,3","11,9","23,5",Soleil,11.6,17.7,1013.0
2024-07-15,"21,5","12,7","28,6",Chaleurs,15.9,20.7,1013.0
2024-07-16,"20,0","16,5","24,0",Chaleurs,7.5,20.3,1013.0
2024-07-17,"21,7","15,2","28,7",Chaleurs,13.5,22.0,1013.0
2024-07-18,"23,3","15,5","31,4",Canicule,15.9,23.5,1013.0
2024-07-19,"27,3","18,0","35,2",Canicule,17.2,26.6,1013.0
2024-07-20,"26,4","19,6","31,7",Canicule,12.1,25.7,1013.0
2024-07-21,"22,4","20,1","28,5",Chaleurs,8.4,24.3,1013.0
2024-07-22,"20,9","15,7","27,0",Chaleurs,11.3,21.4,1013.0
2024-07-23,"20,3","19,2","25,1",Chaleurs,5.9,22.2,1013.0
2024-07-24,"21,3","14,9","27,3",Chaleurs,12.4,21.1,1013.0
2024-07-25,"23,9","17,9","29,6",Pluie,11.7,23.8,1013.0
2024-07-26,"20,4","18,6","23,3",Pluie,4.7,21.0,1013.0
2024-07-27,"17,3","16,4","18,9",Pluie,2.5,17.7,1013.0
2024-07-28,"19,7","12,0","27,3",Soleil,15.3,19.7,1013.0
2024-07-29,"24,2","15,4","32,3",Canicule,16.9,23.9,1013.0
2024-07-30,"28,3","19,4","37,5",Canicule,18.1,28.5,1013.0
2024-07-31,"26,1","20,9","34,3",Canicule,13.4,27.6,1013.0
2024-08-01,"25,7","20,7","32,6",Canicule,11.9,26.7,1013.0
2024-08-02,"23,5","19,8","29,8",Chaleurs,10.0,24.8,1013.0
2024-08-03,"21,2","16,8","26,4",Chaleurs,9.6,21.6,1013.0
2024-08-04,"21,3","17,5","26,9",Chaleurs,9.4,22.2,1013.0
2024-08-05,"23,1","14,6","31,1",Canicule,16.5,22.9,1013.0
2024-08-06,"23,9","16,2","30,4",Canicule,14.2,23.3,1013.0
2024-08-07,"21,0","16,4","26,5",Chaleurs,10.1,21.5,1013.0
2024-08-08,"23,4","16,7","29,0",Chaleurs,12.3,22.9,1013.0
2024-08-09,"23,3","19,7","28,5",Chaleurs,8.8,24.1,1013.0
2024-08-10,"23,2","15,6","31,6",Canicule,16.0,23.6,1013.0
2024-08-11,"26,2","17,4","33,3",Canicule,15.9,25.4,1013.0
2024-08-12,"28,9","21,1","37,6",Canicule,16.5,29.4,1013.0
2024-08-13,"23,7","20,6","27,6",Chaleurs,7.0,24.1,1013.0
2024-08-14,"23,6","20,0","30,2",Canicule,10.2,25.1,1013.0
2024-08-15,"23,6","18,9","28,9",Chaleurs,10.0,23.9,1013.0
2024-08-16,"23,0","19,5","27,0",Chaleurs,7.5,23.3,1013.0
2024-08-17,"20,0","19,9","20,9",Pluie,1.0,20.4,1013.0
2024-08-18,"18,0","14,7","22,8",Soleil,8.1,18.8,1013.0
2024-08-19,"18,8","12,5","24,8",Soleil,12.3,18.7,1013.0
2024-08-20,"18,5","14,5","25,0",Pluie,10.5,19.8,1013.0
2024-08-21,"17,5","12,9","23,7",Soleil,10.8,18.3,1013.0
2024-08-22,"20,3","12,6","26,7",Chaleurs,14.1,19.7,1013.0
2024-08-23,"22,2","17,2","26,0",Chaleurs,8.8,21.6,1013.0
2024-08-24,"21,9","18,8","30,8",Canicule,12.0,24.8,1013.0
2024-08-25,"18,2","13,2","24,1",Soleil,10.9,18.7,1013.0
2024-08-26,"18,6","11,1","26,5",Soleil,15.4,18.8,1013.0
2024-08-27,"20,7","12,6","29,3",Chaleurs,16.7,21.0,1013.0
2024-08-28,"23,6","14,6","32,8",Canicule,18.2,23.7,1013.0
2024-08-29,"22,1","17,7","27,5",Chaleurs,9.8,22.6,1013.0
2024-08-30,"17,6","16,4","19,1",Pluie,2.7,17.8,1013.0
2024-08-31,"19,9","15,3","25,4",Pluie,10.1,20.4,1013.0
2024-09-01,"22,9","17,7","29,3",Chaleurs,11.6,23.5,1013.0
2024-09-02,"22,1","18,6","26,7",Chaleurs,8.1,22.7,1013.0
2024-09-03,"20,2","18,6","22,1",Chaleurs,3.5,20.4,1013.0
2024-09-04,"19,7","16,8","24,2",Pluie,7.4,20.5,1013.0
2024-09-05,"15,9","15,5","17,9",Pluie,2.4,16.7,1013.0
2024-09-06,"18,3","12,1","25,0",Pluie,12.9,18.6,1013.0
2024-09-07,"18,8","16,6","23,6",Gris,7.0,20.1,1013.0
2024-09-08,"17,2","13,9","22,6",Pluie,8.7,18.3,1013.0
2024-09-09,"16,5","15,5","19,8",Gris,4.3,17.7,1013.0
2024-09-10,"15,8","12,4","18,8",Pluie,6.4,15.6,1013.0
2024-09-11,"14,5","12,0","19,6",Gris,7.6,15.8,1013.0
2024-09-12,"11,9","9,1","17,9",Pluie,8.8,13.5,1013.0
2024-09-13,"12,5","7,4","19,7",Gris,12.3,13.6,1013.0
2024-09-14,"12,8","7,7","20,4",Gris,12.7,14.1,1013.0
2024-09-15,"14,6","7,1","22,9",Gris,15.8,15.0,1013.0
2024-09-16,"16,9","11,8","22,0",Gris,10.2,16.9,1013.0
2024-09-17,"16,9","13,5","23,9",Gris,10.4,18.7,1013.0
2024-09-18,"19,2","13,3","25,6",Gris,12.3,19.5,1013.0
2024-09-19,"20,0","14,0","27,3",Chaleurs,13.3,20.7,1013.0
2024-09-20,"18,8","13,4","26,5",Gris,13.1,20.0,1013.0
2024-09-21,"19,5","14,2","25,1",Pluie,10.9,19.7,1013.0
2024-09-22,"17,8","16,8","20,6",Pluie,3.8,18.7,1013.0
2024-09-23,"15,8","14,5","20,3",Pluie,5.8,17.4,1013.0
2024-09-24,"15,5","13,9","17,8",Pluie,3.9,15.9,1013.0
2024-09-25,"15,2","13,8","16,6",Pluie,2.8,15.2,1013.0
2024-09-26,"16,2","15,0","19,5",Pluie,4.5,17.3,1013.0
2024-09-27,"13,5","12,1","17,4",Pluie,5.3,14.8,1013.0
2024-09-28,"11,0","8,0","17,5",Frais,9.5,12.8,1013.0
2024-09-29,"10,7","6,1","14,3",Frais,8.2,10.2,1013.0
2024-09-30,"15,5","12,2","18,5",Pluie,6.3,15.4,1013.0
2024-10-01,"15,2","12,5","20,5",Gris,8.0,16.5,1013.0
2024-10-02,"13,7","12,8","16,1",Gris,3.3,14.5,1013.0
2024-10-03,"11,9","11,1","16,5",Frais,5.4,13.8,1013.0
2024-10-04,"11,4","6,4","19,4",Frais,13.0,12.9,1013.0
2024-10-05,"12,6","5,9","19,8",Gris,13.9,12.9,1013.0
2024-10-06,"14,0","10,7","17,3",Pluie,6.6,14.0,1013.0
2024-10-07,"16,0","13,1","17,6",Pluie,4.5,15.4,1013.0
2024-10-08,"16,0","13,7","20,4",Pluie,6.7,17.1,1013.0
2024-10-09,"14,3","13,4","16,7",Pluie,3.3,15.1,1013.0
2024-10-10,"13,8","12,4","17,3",Pluie,4.9,14.9,1013.0
2024-10-11,"11,2","7,3","17,6",Frais,10.3,12.5,1013.0
2024-10-12,"12,6","8,3","15,0",Pluie,6.7,11.7,1013.0
2024-10-13,"13,3","9,7","17,9",Gris,8.2,13.8,1013.0
2024-10-14,"15,2","10,7","21,2",Gris,10.5,16.0,1013.0
2024-10-15,"16,0","12,2","19,9",Gris,7.7,16.1,1013.0
2024-10-16,"20,3","15,3","26,4",Pluie,11.1,20.9,1013.0
2024-10-17,"16,8","16,3","19,1",Pluie,2.8,17.7,1013.0
2024-10-18,"14,1","12,7","15,3",Gris,2.6,14.0,1013.0
2024-10-19,"14,0","11,7","17,3",Pluie,5.6,14.5,1013.0
2024-10-20,"16,3","11,7","19,2",Gris,7.5,15.5,1013.0
2024-10-21,"17,2","16,3","21,6",Pluie,5.3,19.0,1013.0
2024-10-22,"13,5","11,0","19,2",Gris,8.2,15.1,1013.0
2024-10-23,"12,7","8,1","19,9",Gris,11.8,14.0,1013.0
2024-10-24,"13,3","8,3","20,2",Gris,11.9,14.3,1013.0
2024-10-25,"15,6","11,7","20,8",Pluie,9.1,16.3,1013.0
2024-10-26,"15,8","14,3","21,3",Gris,7.0,17.8,1013.0
2024-10-27,"15,0","13,8","17,4",Gris,3.6,15.6,1013.0
2024-10-28,"13,8","11,4","17,6",Gris,6.2,14.5,1013.0
2024-10-29,"12,0","11,0","14,2",Gris,3.2,12.6,1013.0
2024-10-30,"13,0","10,0","14,5",Gris,4.5,12.3,1013.0
2024-10-31,"11,2","10,3","11,9",Frais,1.6,11.1,1013.0
2024-11-01,"10,4","8,9","12,4",Frais,3.5,10.7,1013.0
2024-11-02,"11,4","10,2","12,6",Frais,2.4,11.4,1013.0
2024-11-03,"9,9","9,3","11,3",Frais,2.0,10.3,1013.0
2024-11-04,"10,0","5,4","17,4",Frais,12.0,11.4,1013.0
2024-11-05,"10,4","7,9","12,6",Frais,4.7,10.3,1013.0
2024-11-06,"10,7","9,6","12,6",Frais,3.0,11.1,1013.0
2024-11-07,"10,9","10,0","12,7",Frais,2.7,11.4,1013.0
2024-11-08,"9,1","7,5","10,0",Frais,2.5,8.8,1013.0
2024-11-09,"10,7","9,5","12,0",Frais,2.5,10.8,1013.0
2024-11-10,"10,3","9,7","12,4",Frais,2.7,11.1,1013.0
2024-11-11,"10,2","6,6","14,0",Frais,7.4,10.3,1013.0
2024-11-12,"9,6","7,8","10,8",Frais,3.0,9.3,1013.0
2024-11-13,"8,5","7,0","9,9",Frais,2.9,8.5,1013.0
2024-11-14,"10,1","6,6","13,6",Frais,7.0,10.1,1013.0
2024-11-15,"9,7","9,2","11,1",Frais,1.9,10.2,1013.0
2024-11-16,"8,3","7,8","10,7",Frais,2.9,9.3,1013.0
2024-11-17,"8,4","5,6","10,6",Frais,5.0,8.1,1013.0
2024-11-18,"10,3","8,3","12,0",Pluie,3.7,10.2,1013.0
2024-11-19,"10,6","8,8","12,9",Pluie,4.1,10.9,1013.0
2024-11-20,"5,1","3,6","8,8",Frais,5.2,6.2,1013.0
2024-11-21,"1,3","0,5","2,2",Neige,1.7,1.4,1013.0
2024-11-22,"3,1","0,1","5,9",Froid,5.8,3.0,1013.0
2024-11-23,"6,4","2,0","13,7",Frais,11.7,7.9,1013.0
2024-11-24,"15,3","9,2","17,6",Gris,8.4,13.4,1013.0
2024-11-25,"12,3","10,1","15,7",Pluie,5.6,12.9,1013.0
2024-11-26,"9,4","8,5","11,7",Frais,3.2,10.1,1013.0
2024-11-27,"11,2","8,5","14,1",Pluie,5.6,11.3,1013.0
2024-11-28,"7,1","6,1","11,3",Frais,5.2,8.7,1013.0
2024-11-29,"5,2","2,2","9,4",Frais,7.2,5.8,1013.0
2024-11-30,"3,8","2,1","8,1",Froid,6.0,5.1,1013.0
2024-12-01,"5,6","1,0","11,7",Frais,10.7,6.4,1013.0
2024-12-02,"11,1","7,4","13,8",Frais,6.4,10.6,1013.0
2024-12-03,"7,4","6,7","8,9",Pluie,2.2,7.8,1013.0
2024-12-04,"6,2","3,6","9,4",Frais,5.8,6.5,1013.0
2024-12-05,"8,3","5,3","13,8",Pluie,8.5,9.6,1013.0
2024-12-06,"10,0","9,4","11,8",Pluie,2.4,10.6,1013.0
2024-12-07,"9,5","7,4","11,1",Pluie,3.7,9.3,1013.0
2024-12-08,"7,5","7,0","8,4",Pluie,1.4,7.7,1013.0
2024-12-09,"6,0","5,3","6,9",Frais,1.6,6.1,1013.0
2024-12-10,"5,8","4,8","6,9",Frais,2.1,5.9,1013.0
2024-12-11,"5,3","4,9","5,6",Frais,0.7,5.3,1013.0
2024-12-12,"4,4","4,1","5,4",Froid,1.3,4.8,1013.0
2024-12-13,"2,9","2,3","4,0",Froid,1.7,3.2,1013.0
2024-12-14,"4,0","1,8","5,9",Froid,4.1,3.9,1013.0
2024-12-15,"8,0","4,5","10,6",Frais,6.1,7.6,1013.0
2024-12-16,"9,7","9,3","10,3",Frais,1.0,9.8,1013.0
2024-12-17,"7,7","6,9","8,9",Pluie,2.0,7.9,1013.0
2024-12-18,"11,5","6,7","14,0",Frais,7.3,10.4,1013.0
2024-12-19,"9,0","6,0","13,1",Pluie,7.1,9.6,1013.0
2024-12-20,"6,6","4,4","9,1",Frais,4.7,6.8,1013.0
2024-12-21,"9,7","7,5","12,0",Pluie,4.5,9.8,1013.0
2024-12-22,"7,2","4,1","8,4",Pluie,4.3,6.3,1013.0
2024-12-23,"6,8","5,6","8,4",Pluie,2.8,7.0,1013.0
2024-12-24,"7,5","5,4","10,2",Frais,4.8,7.8,1013.0
2024-12-25,"9,8","8,6","10,2",Frais,1.6,9.4,1013.0
2024-12-26,"6,7","5,6","9,4",Frais,3.8,7.5,1013.0
2024-12-27,"3,5","1,1","7,5",Froid,6.4,4.3,1013.0
2024-12-28,"0,5","-0,9","2,2",Froid,3.1,0.7,1013.0
2024-12-29,"3,9","1,1","5,5",Froid,4.4,3.3,1013.0
2024-12-30,"3,3","1,8","4,8",Froid,3.0,3.3,1013.0
2024-12-31,"4,1","1,4","5,7",Froid,4.3,3.6,1013.0
2025-01-01,"4,0","-2,4","12,9",Neige,23.3,68.1,1010.3
2025-01-02,"9,6","-0,5","12,6",Pluie,11.8,49.5,1007.1
2025-01-03,"7,3","-3,0","12,9",Froid,27.6,84.8,1000.4
2025-01-04,"9,1","-0,2","10,2",Gris,5.6,62.1,1008.2
2025-01-05,"9,3","-1,6","12,2",Neige,5.5,60.2,1002.5
2025-01-06,"2,4","-2,5","12,3",Gris,16.3,47.1,1012.7
2025-01-07,"0,2","-2,8","11,3",Pluie,23.0,91.9,1002.2
2025-01-08,"2,5","-0,8","10,5",Pluie,11.6,59.3,1008.7
2025-01-09,"3,4","-0,6","12,1",Pluie,16.0,82.1,1017.9
2025-01-10,"0,8","-0,6","12,5",Gris,26.4,48.9,1017.2
2025-01-11,"7,0","-1,8","12,6",Neige,5.3,56.4,1007.5
2025-01-12,"1,7","-1,8","10,7",Gris,10.0,69.4,1012.7
2025-01-13,"4,3","-0,5","12,5",Froid,22.5,50.4,1007.3
2025-01-14,"8,6","-2,2","11,1",Neige,21.6,87.9,1008.5
2025-01-15,"1,1","-2,1","11,8",Pluie,27.5,84.2,1015.6
2025-01-16,"3,8","-1,6","10,3",Pluie,12.2,73.5,1004.0
2025-01-17,"8,9","-2,7","13,0",Gris,7.0,92.2,1023.3
2025-01-18,"1,2","-0,2","12,2",Froid,21.1,75.1,1020.7
2025-01-19,"0,6","-2,8","11,1",Neige,22.9,58.5,1018.6
2025-01-20,"5,0","-2,0","10,7",Neige,5.5,61.9,1019.3
2025-01-21,"7,2","-2,4","11,3",Neige,14.7,43.9,1018.5
2025-01-22,"3,8","-1,0","12,3",Neige,19.7,69.2,1005.0
2025-01-23,"4,6","-0,9","11,2",Froid,15.0,48.8,1014.5
2025-01-24,"4,3","-1,3","10,7",Neige,18.3,80.9,1020.2
2025-01-25,"2,2","-2,2","10,5",Gris,24.3,79.5,1011.6
2025-01-26,"2,7","-0,9","12,4",Gris,5.9,56.9,1023.3
2025-01-27,"9,9","-2,5","12,3",Pluie,9.4,58.6,1010.5
2025-01-28,"9,3","-1,1","11,2",Neige,24.6,91.2,1005.0
2025-01-29,"3,6","-1,9","11,9",Froid,22.0,81.3,1005.0
2025-01-30,"1,2","-1,8","12,5",Gris,19.8,60.2,1012.6
2025-01-31,"9,1","-2,5","10,9",Neige,11.6,68.4,1005.2
2025-02-01,"8,1","-0,8","12,2",Froid,22.9,45.5,1017.0
2025-02-02,"1,0","-1,2","11,4",Gris,8.1,91.6,1005.3
2025-02-03,"8,7","-0,8","12,8",Gris,5.3,43.0,1016.5
2025-02-04,"1,7","-2,0","12,2",Neige,21.7,81.6,1005.9
2025-02-05,"4,9","-0,5","12,9",Froid,13.8,74.9,1015.1
2025-02-06,"1,2","-0,4","12,7",Froid,14.9,92.1,1005.4
2025-02-07,"9,3","-2,0","11,5",Neige,5.2,40.8,1006.0
2025-02-08,"0,1","-0,0","12,6",Froid,21.5,89.2,1008.6
2025-02-09,"5,2","-1,6","11,3",Pluie,18.2,82.6,1007.9
2025-02-10,"9,4","-0,6","11,9",Neige,29.6,56.7,1006.9
2025-02-11,"7,6","-2,3","10,7",Froid,14.3,48.9,1021.2
2025-02-12,"2,6","-1,5","11,0",Neige,11.6,49.2,1000.9
2025-02-13,"9,9","-2,3","11,9",Gris,6.0,65.3,1000.4
2025-02-14,"7,8","-1,4","12,6",Neige,27.2,61.5,1006.0
2025-02-15,"9,2","-2,6","11,3",Neige,17.5,59.0,1011.4
2025-02-16,"6,8","-1,6","11,2",Gris,21.0,60.7,1012.4
2025-02-17,"5,2","-2,5","10,9",Froid,9.0,57.7,1005.1
2025-02-18,"6,2","-2,1","11,6",Froid,22.0,45.0,1018.1
2025-02-19,"8,6","-1,6","12,4",Gris,24.3,71.9,1008.3
2025-02-20,"9,8","-2,9","12,1",Gris,6.0,53.9,1010.1
2025-02-21,"8,2","-2,9","11,4",Pluie,12.8,61.9,1011.3
2025-02-22,"3,6","-1,7","11,2",Gris,28.1,60.6,1020.7
2025-02-23,"4,8","-0,1","12,6",Neige,6.1,59.7,1021.1
2025-02-24,"9,1","-2,1","12,9",Gris,28.8,55.5,1001.3
2025-02-25,"4,1","-2,3","11,5",Gris,22.8,88.0,1014.5
2025-02-26,"1,3","-1,3","10,4",Gris,27.6,78.8,1010.9
2025-02-27,"1,0","-1,1","12,6",Pluie,28.9,88.8,1021.7
2025-02-28,"5,0","-1,6","13,0",Froid,9.5,67.1,1012.8
2025-03-01,"14,5","6,6","18,2",Soleil,17.6,81.0,1016.2
2025-03-02,"9,6","5,6","20,9",Soleil,11.7,48.4,1014.8
2025-03-03,"17,4","7,5","20,1",Pluie,15.5,44.5,1014.0
2025-03-04,"15,8","7,5","19,0",Frais,7.6,86.1,1020.9
2025-03-05,"12,6","6,0","20,1",Frais,26.3,81.8,1024.3
2025-03-06,"12,8","8,0","20,2",Frais,25.9,92.4,1022.6
2025-03-07,"13,1","6,6","20,9",Soleil,9.0,90.1,1009.2
2025-03-08,"13,7","7,6","20,4",Soleil,22.8,47.3,1010.9
2025-03-09,"15,7","5,7","18,1",Soleil,5.2,86.7,1023.4
2025-03-10,"14,1","5,5","19,6",Pluie,12.5,72.5,1000.9
2025-03-11,"15,1","5,8","18,4",Pluie,13.2,70.6,1011.1
2025-03-12,"15,4","7,1","19,6",Pluie,26.8,77.3,1010.8
2025-03-13,"17,5","5,2","19,8",Frais,13.3,63.5,1002.3
2025-03-14,"15,4","7,3","20,7",Pluie,28.8,62.5,1021.6
2025-03-15,"15,5","6,5","18,3",Frais,12.7,87.2,1024.3
2025-03-16,"16,5","6,3","20,8",Pluie,20.8,72.5,1021.1
2025-03-17,"12,7","6,7","19,6",Pluie,6.9,57.7,1022.4
2025-03-18,"12,1","5,8","20,6",Pluie,18.7,78.5,1015.2
2025-03-19,"12,0","5,6","19,9",Pluie,23.7,87.9,1021.7
2025-03-20,"11,9","6,5","20,8",Pluie,8.4,88.1,1004.3
2025-03-21,"16,4","6,6","18,6",Frais,18.9,68.9,1018.6
2025-03-22,"12,4","7,3","20,3",Pluie,19.3,54.6,1022.4
2025-03-23,"12,3","6,6","19,3",Soleil,16.8,71.1,1001.2
2025-03-24,"8,0","5,7","20,1",Pluie,27.7,45.5,1005.4
2025-03-25,"12,8","7,9","18,7",Frais,16.0,80.2,1007.4
2025-03-26,"15,3","5,2","20,9",Frais,27.1,50.6,1020.2
2025-03-27,"9,7","7,9","18,3",Frais,20.7,72.4,1013.5
2025-03-28,"17,4","7,3","20,9",Soleil,12.1,42.1,1004.9
2025-03-29,"11,7","6,4","18,5",Soleil,14.1,74.9,1021.3
2025-03-30,"15,8","6,5","18,7",Pluie,9.1,50.7,1019.4
2025-03-31,"12,3","6,8","19,7",Pluie,8.9,75.8,1016.2
2025-04-01,"8,5","6,2","20,1",Soleil,24.9,52.5,1015.8
2025-04-02,"12,3","5,6","18,6",Frais,12.5,40.3,1018.7
2025-04-03,"17,2","7,1","20,2",Soleil,10.5,44.7,1000.2
2025-04-04,"9,7","6,0","19,2",Pluie,24.1,59.2,1002.4
2025-04-05,"15,8","6,8","19,9",Frais,7.9,81.7,1020.8
2025-04-06,"12,9","5,2","20,9",Frais,22.4,47.1,1012.7
2025-04-07,"11,6","5,8","19,5",Soleil,19.4,93.2,1022.2
2025-04-08,"9,3","7,6","19,8",Pluie,28.4,88.9,1001.3
2025-04-09,"10,8","6,7","20,1",Pluie,25.4,47.4,1015.2
2025-04-10,"8,7","6,9","19,8",Soleil,27.8,55.4,1007.6
2025-04-11,"11,9","6,8","19,5",Frais,6.4,78.2,1007.1
2025-04-12,"13,1","6,8","20,4",Frais,20.2,76.1,1010.3
2025-04-13,"8,1","7,0","18,6",Pluie,26.5,89.0,1001.9
2025-04-14,"11,2","5,1","20,3",Frais,25.9,51.8,1010.5
2025-04-15,"10,1","7,3","19,3",Frais,27.6,50.6,1005.0
2025-04-16,"8,6","7,8","18,7",Frais,9.3,95.0,1019.3
2025-04-17,"11,2","6,6","19,5",Pluie,27.3,59.5,1004.1
2025-04-18,"10,5","7,0","20,2",Frais,28.4,64.6,1018.4
2025-04-19,"16,8","6,1","18,9",Soleil,5.9,51.8,1001.1
2025-04-20,"16,7","6,1","20,8",Pluie,11.4,78.4,1014.1
2025-04-21,"8,5","7,8","19,9",Soleil,21.9,88.2,1008.9
2025-04-22,"15,0","5,1","20,7",Frais,16.5,66.6,1014.2
2025-04-23,"16,0","7,8","19,8",Frais,28.1,54.0,1019.4
2025-04-24,"8,4","6,2","19,2",Pluie,5.6,49.2,1003.3
2025-04-25,"9,7","7,2","20,3",Frais,26.5,44.9,1020.3
2025-04-26,"11,7","5,1","18,9",Soleil,15.2,69.2,1006.8
2025-04-27,"15,2","6,2","20,7",Soleil,16.3,70.8,1016.2
2025-04-28,"15,3","8,0","18,8",Frais,24.2,88.1,1009.1
2025-04-29,"10,9","7,0","19,9",Frais,5.8,51.5,1010.8
2025-04-30,"15,5","5,6","19,1",Frais,5.5,74.9,1018.1
2025-05-01,"15,8","5,9","19,0",Frais,19.1,77.3,1004.1
2025-05-02,"16,6","7,6","18,1",Soleil,14.2,73.5,1010.4
2025-05-03,"10,5","6,0","20,5",Pluie,13.2,81.9,1013.3
2025-05-04,"17,4","6,7","19,8",Pluie,21.1,93.7,1000.8
2025-05-05,"14,7","8,0","18,3",Soleil,12.1,76.7,1016.0
2025-05-06,"16,4","6,0","19,5",Pluie,10.7,91.8,1009.7
2025-05-07,"8,2","6,2","18,4",Frais,21.5,79.1,1001.1
2025-05-08,"8,7","6,2","20,3",Soleil,15.3,90.3,1010.6
2025-05-09,"16,0","6,8","18,3",Soleil,9.7,74.5,1012.8
2025-05-10,"9,7","6,3","18,6",Frais,16.9,82.5,1008.8
2025-05-11,"17,0","7,7","19,0",Frais,5.6,92.4,1009.4
2025-05-12,"15,3","7,7","20,0",Frais,28.3,51.2,1006.6
2025-05-13,"10,8","6,8","20,5",Soleil,11.6,81.9,1006.1
2025-05-14,"13,9","6,0","19,7",Soleil,6.1,80.2,1000.3
2025-05-15,"12,3","5,6","19,6",Frais,5.6,46.4,1001.3
2025-05-16,"17,4","7,3","19,8",Soleil,13.9,65.0,1023.7
2025-05-17,"12,4","5,3","20,5",Frais,25.8,41.5,1003.5
2025-05-18,"16,6","6,2","19,2",Pluie,14.6,49.3,1021.8
2025-05-19,"11,9","5,0","18,8",Soleil,25.0,72.9,1003.3
2025-05-20,"10,4","7,2","19,3",Frais,13.7,94.0,1023.0
2025-05-21,"15,4","6,4","18,7",Soleil,15.6,51.0,1018.9
2025-05-22,"8,1","5,5","20,0",Pluie,24.7,73.7,1006.3
2025-05-23,"9,5","6,4","20,6",Pluie,26.0,63.2,1014.8
2025-05-24,"8,7","5,3","19,2",Soleil,28.1,56.8,1009.4
2025-05-25,"17,4","6,6","20,5",Soleil,7.5,60.1,1016.8
2025-05-26,"16,2","6,5","19,5",Pluie,27.2,91.2,1019.6
2025-05-27,"12,8","7,5","20,7",Pluie,5.4,62.8,1021.5
2025-05-28,"17,1","7,6","18,7",Frais,20.7,44.5,1008.4
2025-05-29,"10,1","7,6","18,2",Pluie,30.0,51.9,1010.8
2025-05-30,"14,0","6,2","19,7",Frais,9.1,71.7,1010.1
2025-05-31,"17,4","5,9","19,2",Soleil,18.7,83.3,1013.7
2025-06-01,"23,4","17,5","30,7",Chaud,13.5,48.8,1008.4
2025-06-02,"21,8","15,4","30,1",Chaud,22.1,87.0,1000.4
2025-06-03,"27,1","16,5","29,8",Soleil,25.8,78.9,1003.0
2025-06-04,"23,5","17,9","28,5",Soleil,25.3,79.8,1017.0
2025-06-05,"26,1","15,8","28,0",Chaud,7.5,67.3,1018.9
2025-06-06,"24,5","17,8","30,0",Orageux,7.7,84.6,1006.3
2025-06-07,"22,7","17,7","29,0",Orageux,26.8,56.2,1019.9
2025-06-08,"27,5","17,4","29,1",Chaud,13.8,83.4,1004.2
2025-06-09,"18,7","15,1","28,3",Soleil,24.0,43.9,1012.1
2025-06-10,"24,1","16,9","29,4",Orageux,29.7,62.0,1020.5
2025-06-11,"18,7","15,5","30,7",Chaud,28.8,73.5,1025.0
2025-06-12,"23,7","17,5","30,1",Orageux,13.4,41.2,1003.6
2025-06-13,"23,0","15,8","30,8",Soleil,6.5,65.5,1018.2
2025-06-14,"22,6","17,8","30,7",Orageux,8.3,44.9,1012.4
2025-06-15,"20,1","16,2","28,2",Soleil,11.3,78.2,1007.8
2025-06-16,"19,9","17,2","28,4",Orageux,22.8,45.7,1005.2
2025-06-17,"21,2","16,3","28,9",Chaud,25.4,94.2,1004.1
2025-06-18,"25,4","15,6","29,2",Soleil,25.3,67.9,1021.0
2025-06-19,"20,6","15,2","28,0",Chaud,5.2,41.2,1002.8
2025-06-20,"21,0","16,7","30,1",Chaud,21.7,80.0,1021.8
2025-06-21,"19,3","16,2","28,5",Orageux,14.3,60.0,1024.8
2025-06-22,"23,7","15,7","30,3",Orageux,28.1,57.0,1016.4
2025-06-23,"25,7","17,8","29,6",Orageux,19.7,45.5,1019.5
2025-06-24,"27,8","15,2","30,7",Orageux,12.9,84.8,1024.3
2025-06-25,"27,1","15,0","30,4",Orageux,24.7,91.6,1003.3
2025-06-26,"21,3","16,9","30,5",Orageux,25.1,91.5,1010.7
2025-06-27,"23,6","16,2","30,0",Chaud,8.1,43.1,1012.5
2025-06-28,"25,0","17,3","30,3",Orageux,15.7,66.3,1000.3
2025-06-29,"24,9","16,7","28,2",Soleil,14.7,48.9,1004.6
2025-06-30,"27,2","17,5","29,0",Soleil,18.7,55.0,1018.0
2025-07-01,"27,7","17,5","28,9",Chaud,18.7,50.8,1011.3
2025-07-02,"19,6","17,6","29,3",Soleil,16.7,90.4,1006.9
2025-07-03,"27,4","16,0","30,0",Chaud,11.1,44.4,1019.3
2025-07-04,"20,1","16,9","28,2",Orageux,9.4,86.0,1001.8
2025-07-05,"25,6","16,6","30,6",Soleil,11.0,69.9,1021.3
2025-07-06,"22,0","17,9","30,4",Chaud,11.9,48.8,1008.2
2025-07-07,"27,3","16,3","29,0",Soleil,26.6,93.7,1008.1
2025-07-08,"18,2","17,3","29,7",Chaud,6.3,74.4,1005.3
2025-07-09,"19,8","17,6","30,2",Soleil,15.2,76.3,1006.5
2025-07-10,"19,1","17,2","28,8",Soleil,29.9,85.1,1001.9
2025-07-11,"20,7","18,0","30,0",Orageux,20.3,65.5,1006.8
2025-07-12,"24,7","15,5","29,4",Orageux,5.7,75.7,1000.4
2025-07-13,"21,8","16,9","29,6",Soleil,13.6,52.7,1015.4
2025-07-14,"18,4","16,8","29,5",Chaud,11.9,45.8,1022.3
2025-07-15,"27,4","16,8","28,9",Chaud,25.1,64.7,1004.0
2025-07-16,"21,5","15,7","29,9",Soleil,29.8,68.0,1024.6
2025-07-17,"21,4","15,2","29,7",Chaud,20.4,54.9,1024.4
2025-07-18,"25,8","16,6","30,4",Chaud,12.9,72.8,1014.0
2025-07-19,"24,1","15,4","30,8",Orageux,28.3,44.3,1017.7
2025-07-20,"20,1","16,3","28,9",Soleil,24.1,82.1,1007.3
2025-07-21,"19,0","16,1","30,8",Chaud,13.6,72.4,1015.6
2025-07-22,"21,5","15,9","30,1",Orageux,15.5,51.9,1004.7
2025-07-23,"27,1","15,6","29,8",Soleil,27.1,94.2,1023.9
2025-07-24,"21,4","17,0","29,4",Chaud,8.9,84.7,1019.7
2025-07-25,"19,5","16,4","30,3",Orageux,20.8,58.6,1001.3
2025-07-26,"21,7","15,9","30,7",Chaud,6.6,81.3,1017.9
2025-07-27,"27,6","15,8","30,0",Orageux,21.6,91.7,1021.8
2025-07-28,"22,1","15,8","31,0",Orageux,6.1,43.9,1005.4
2025-07-29,"27,8","16,3","28,5",Soleil,22.0,65.6,1020.8
2025-07-30,"19,8","15,7","30,5",Chaud,27.8,73.8,1005.8
2025-07-31,"20,3","16,4","29,3",Soleil,9.3,55.9,1019.1
2025-08-01,"25,1","17,0","28,9",Soleil,22.0,58.2,1008.7
2025-08-02,"20,3","17,4","30,4",Orageux,13.4,51.4,1003.4
2025-08-03,"21,8","17,9","30,0",Orageux,10.0,92.6,1021.6
2025-08-04,"18,5","17,5","29,9",Orageux,5.4,62.2,1014.8
2025-08-05,"19,5","16,7","30,0",Orageux,11.4,79.7,1002.2
2025-08-06,"20,9","17,0","29,8",Chaud,22.1,69.2,1015.9
2025-08-07,"25,2","15,2","29,7",Chaud,29.2,47.2,1020.3
2025-08-08,"20,2","15,8","28,6",Soleil,28.7,82.1,1017.9
2025-08-09,"20,8","16,4","29,4",Soleil,25.5,61.4,1011.3
2025-08-10,"27,4","15,6","28,9",Soleil,14.0,53.2,1022.9
2025-08-11,"25,2","17,4","29,2",Soleil,15.1,81.1,1017.0
2025-08-12,"20,9","16,4","28,9",Soleil,23.4,52.8,1000.2
2025-08-13,"26,4","17,3","29,0",Orageux,6.8,45.7,1002.4
2025-08-14,"22,0","15,6","29,6",Soleil,21.0,90.7,1004.3
2025-08-15,"19,5","17,5","30,8",Soleil,17.2,47.5,1006.5
2025-08-16,"19,2","15,3","28,2",Orageux,22.8,80.9,1001.5
2025-08-17,"23,7","15,9","28,7",Soleil,20.7,58.0,1004.3
2025-08-18,"26,9","15,7","28,3",Chaud,9.4,81.3,1009.3
2025-08-19,"20,1","16,0","28,5",Chaud,15.5,74.1,1015.3
2025-08-20,"22,7","16,3","28,5",Soleil,24.1,90.8,1012.0
2025-08-21,"20,9","15,5","30,4",Soleil,15.3,92.5,1023.8
2025-08-22,"20,4","16,0","29,4",Chaud,12.2,72.8,1014.8
2025-08-23,"19,4","16,8","30,8",Chaud,24.1,50.8,1000.6
2025-08-24,"26,5","16,7","29,4",Orageux,16.2,48.2,1007.0
2025-08-25,"21,3","15,6","30,4",Soleil,16.7,74.3,1005.4
2025-08-26,"25,1","17,6","29,1",Chaud,29.0,44.1,1010.9
2025-08-27,"19,1","15,3","29,0",Chaud,28.8,57.1,1019.6
2025-08-28,"23,7","17,4","30,4",Orageux,18.8,89.0,1024.2
2025-08-29,"26,7","15,6","29,3",Chaud,15.7,91.7,1009.0
2025-08-30,"23,6","15,2","28,5",Soleil,12.1,55.7,1016.8
2025-08-31,"24,2","15,9","29,3",Chaud,29.3,78.9,1022.3
2025-09-01,"14,0","9,8","20,4",Nuageux,29.6,57.8,1017.7
2025-09-02,"10,7","9,8","19,0",Frais,28.6,89.9,1000.2
2025-09-03,"15,5","9,6","19,1",Nuageux,29.4,42.4,1000.4
2025-09-04,"14,5","8,9","20,2",Nuageux,29.0,50.0,1016.0
2025-09-05,"17,6","9,0","19,6",Frais,6.0,40.2,1005.0
2025-09-06,"13,4","7,3","18,1",Nuageux,18.4,77.1,1011.1
2025-09-07,"11,4","8,7","20,9",Nuageux,28.2,68.5,1010.2
2025-09-08,"16,4","7,9","18,6",Pluie,14.0,93.6,1015.0
2025-09-09,"11,4","8,6","20,9",Nuageux,25.4,74.4,1016.3
2025-09-10,"11,8","7,0","19,0",Nuageux,22.4,93.3,1010.0
2025-09-11,"11,6","9,3","20,1",Frais,14.7,74.9,1022.7
2025-09-12,"14,7","8,6","19,0",Nuageux,29.0,69.8,1005.2
2025-09-13,"15,6","7,6","20,0",Nuageux,20.3,50.0,1010.3
2025-09-14,"17,6","8,8","20,1",Frais,11.6,81.9,1001.1
2025-09-15,"12,6","7,2","19,2",Nuageux,19.0,50.4,1017.3
2025-09-16,"11,8","9,2","20,3",Nuageux,12.4,63.1,1011.8
2025-09-17,"10,6","8,7","19,7",Frais,29.9,86.7,1012.7
2025-09-18,"14,4","9,5","19,5",Pluie,20.7,90.4,1021.0
2025-09-19,"12,5","9,0","20,5",Pluie,15.7,59.8,1024.5
2025-09-20,"13,3","9,1","18,3",Frais,6.2,54.9,1010.8
2025-09-21,"11,2","9,1","20,2",Pluie,13.4,77.1,1004.2
2025-09-22,"12,7","7,9","18,6",Nuageux,7.4,54.6,1008.7
2025-09-23,"10,2","9,2","20,9",Pluie,9.2,87.4,1008.2
2025-09-24,"14,3","9,1","19,3",Nuageux,24.3,87.0,1001.6
2025-09-25,"12,3","7,7","19,6",Frais,18.7,46.3,1000.0
2025-09-26,"14,1","7,6","19,6",Pluie,20.4,85.9,1015.8
2025-09-27,"11,5","8,9","19,5",Frais,9.9,45.7,1012.0
2025-09-28,"14,6","8,3","20,0",Frais,17.3,42.8,1007.4
2025-09-29,"13,3","9,2","20,6",Pluie,14.8,57.1,1008.9
2025-09-30,"14,3","7,6","19,3",Nuageux,27.5,67.6,1006.5
2025-10-01,"12,8","8,1","19,0",Pluie,9.1,74.2,1021.1
2025-10-02,"10,1","8,9","19,4",Pluie,27.5,71.2,1024.2
2025-10-03,"14,9","7,6","19,9",Nuageux,6.6,49.6,1008.3
2025-10-04,"10,4","7,0","21,0",Pluie,14.1,76.2,1011.8
2025-10-05,"11,0","7,6","18,1",Pluie,27.9,47.7,1011.5
2025-10-06,"17,0","9,4","19,0",Frais,11.6,82.6,1008.2
2025-10-07,"16,8","8,3","19,1",Frais,27.8,81.1,1018.9
2025-10-08,"16,7","7,6","20,4",Pluie,27.3,72.8,1004.3
2025-10-09,"14,2","9,5","18,7",Nuageux,8.9,64.3,1014.9
2025-10-10,"10,7","9,1","19,3",Frais,22.4,87.6,1000.2
2025-10-11,"16,8","7,5","18,8",Nuageux,22.8,64.5,1009.4
2025-10-12,"11,3","7,2","18,4",Frais,18.8,91.1,1019.9
2025-10-13,"10,4","8,6","19,4",Nuageux,11.4,91.0,1006.7
2025-10-14,"16,6","7,8","19,6",Frais,27.9,44.6,1010.1
2025-10-15,"16,7","7,9","19,4",Nuageux,6.3,88.1,1022.2
2025-10-16,"16,9","7,3","19,0",Frais,25.3,69.6,1005.4
2025-10-17,"10,5","8,1","19,8",Frais,15.1,70.6,1010.7
2025-10-18,"14,3","9,3","18,9",Frais,29.2,66.5,1016.8
2025-10-19,"14,4","7,7","18,2",Frais,9.7,91.7,1005.0
2025-10-20,"11,8","8,3","19,7",Frais,13.2,88.9,1003.3
2025-10-21,"16,8","8,8","19,4",Pluie,17.4,62.4,1001.0
2025-10-22,"15,3","9,5","20,3",Nuageux,20.3,64.7,1017.2
2025-10-23,"15,8","8,9","19,6",Nuageux,16.2,77.5,1006.0
2025-10-24,"11,6","7,2","20,3",Nuageux,20.2,53.7,1017.2
2025-10-25,"17,8","8,7","19,1",Frais,16.3,88.9,1007.9
2025-10-26,"14,6","10,0","18,9",Pluie,17.3,83.7,1001.0
2025-10-27,"11,8","7,4","20,8",Nuageux,23.5,79.2,1012.5
2025-10-28,"17,8","9,4","19,2",Pluie,24.6,48.3,1003.1
2025-10-29,"13,7","9,2","18,7",Frais,28.7,52.1,1023.9
2025-10-30,"17,7","9,4","20,2",Nuageux,27.7,50.2,1020.7
2025-10-31,"17,9","9,0","20,2",Nuageux,7.0,51.7,1006.9
2025-11-01,"12,6","9,5","18,6",Frais,5.3,65.6,1012.0
2025-11-02,"14,5","9,4","20,3",Nuageux,27.0,84.2,1023.4
2025-11-03,"18,0","7,0","19,1",Pluie,11.6,55.5,1005.6
2025-11-04,"15,0","9,3","20,6",Nuageux,29.1,86.9,1014.5
2025-11-05,"13,2","7,8","18,9",Pluie,25.1,46.8,1000.2
2025-11-06,"15,2","7,4","18,5",Frais,29.3,53.6,1009.9
2025-11-07,"10,3","8,4","19,2",Nuageux,22.2,47.5,1024.8
2025-11-08,"12,2","7,5","19,3",Pluie,22.5,47.2,1011.4
2025-11-09,"17,9","7,3","18,9",Pluie,6.8,87.8,1021.9
2025-11-10,"15,8","9,0","20,4",Nuageux,20.5,54.1,1011.5
2025-11-11,"13,2","7,2","19,5",Nuageux,21.8,59.0,1023.8
2025-11-12,"15,4","7,0","18,6",Pluie,24.1,77.6,1021.0
2025-11-13,"14,8","7,4","20,9",Pluie,11.4,46.8,1020.3
2025-11-14,"16,8","7,4","19,7",Frais,16.8,88.8,1018.7
2025-11-15,"11,4","7,1","18,7",Nuageux,18.9,47.9,1004.6
2025-11-16,"15,4","9,3","19,3",Frais,8.8,87.4,1007.0
2025-11-17,"10,6","8,3","19,6",Pluie,29.9,89.4,1018.8
2025-11-18,"17,5","7,1","20,3",Frais,29.1,79.8,1023.3
2025-11-19,"16,1","9,7","20,4",Pluie,20.0,50.7,1008.3
2025-11-20,"11,5","8,1","20,6",Pluie,27.9,63.3,1012.4
2025-11-21,"16,3","9,7","19,2",Frais,17.5,72.8,1024.5
2025-11-22,"12,8","7,7","19,8",Pluie,21.4,59.1,1000.4
2025-11-23,"14,6","9,3","18,9",Nuageux,18.1,62.5,1003.4
2025-11-24,"15,4","8,8","18,7",Frais,17.3,86.6,1020.6
2025-11-25,"16,0","9,6","20,9",Pluie,25.0,57.9,1005.3
2025-11-26,"14,7","7,4","19,0",Pluie,9.7,71.0,1020.0
2025-11-27,"10,2","8,6","20,9",Pluie,15.5,61.5,1024.2
2025-11-28,"15,6","9,2","18,9",Pluie,24.6,56.7,1007.4
2025-11-29,"11,5","8,6","18,8",Nuageux,13.8,57.8,1001.6
2025-11-30,"15,5","7,3","20,0",Nuageux,5.7,55.4,1010.4
2025-12-01,"3,2","-2,8","12,1",Neige,13.7,71.2,1017.6
2025-12-02,"4,1","-2,5","12,3",Froid,27.0,85.8,1015.2
2025-12-03,"3,1","-0,4","10,5",Neige,24.4,59.4,1000.8
2025-12-04,"5,6","-1,7","11,4",Gris,12.4,93.3,1015.7
2025-12-05,"4,7","-0,3","12,3",Pluie,25.3,84.7,1016.1
2025-12-06,"5,2","-1,4","11,6",Froid,5.0,40.5,1002.4
2025-12-07,"8,1","-0,3","12,6",Neige,24.0,63.8,1002.4
2025-12-08,"4,7","-0,5","12,2",Pluie,28.7,51.5,1001.5
2025-12-09,"1,9","-1,5","12,4",Gris,27.3,71.3,1015.9
2025-12-10,"8,1","-3,0","11,5",Froid,8.9,78.8,1016.2
2025-12-11,"2,3","-1,8","12,0",Neige,24.4,64.1,1018.0
2025-12-12,"1,4","-2,6","10,3",Froid,12.7,53.2,1024.0
2025-12-13,"1,9","-1,9","10,4",Neige,11.8,65.1,1008.8
2025-12-14,"9,2","-0,5","12,5",Neige,12.6,77.0,1000.9
2025-12-15,"3,7","-2,1","10,0",Neige,7.2,85.8,1015.8
2025-12-16,"8,1","-1,7","11,7",Gris,20.3,84.0,1005.6
2025-12-17,"3,8","-0,7","12,1",Gris,18.7,42.2,1002.2
2025-12-18,"1,5","-0,5","11,0",Gris,27.4,62.0,1012.4
2025-12-19,"2,0","-2,7","12,2",Neige,29.2,82.4,1019.3
2025-12-20,"0,8","-1,3","10,0",Froid,6.8,62.7,1010.1
2025-12-21,"7,7","-1,7","11,0",Froid,23.7,64.8,1022.6
2025-12-22,"3,9","-2,5","11,5",Gris,28.9,65.9,1010.8
2025-12-23,"8,3","-1,6","11,6",Gris,6.5,94.0,1012.2
2025-12-24,"4,2","-1,9","11,6",Gris,19.2,73.0,1016.4
2025-12-25,"6,6","-2,9","12,2",Froid,16.7,43.4,1020.7
2025-12-26,"9,9","-1,4","10,4",Neige,17.0,52.1,1001.1
2025-12-27,"4,8","-0,5","12,8",Froid,14.9,94.4,1024.8
2025-12-28,"3,9","-0,5","12,0",Froid,18.4,78.4,1022.1
2025-12-29,"4,6","-1,5","11,0",Gris,21.4,55.2,1003.0
2025-12-30,"5,3","-0,7","12,3",Pluie,24.7,74.0,1008.4
2025-12-31,"4,8","-0,5","12,0",Froid,10.4,77.6,1024.6
2026-01-01,"5,0","-0,4","10,3",Pluie,9.3,83.5,1000.9
2026-01-02,"8,3","-2,4","12,4",Froid,9.8,76.2,1007.6
2026-01-03,"5,5","-2,1","11,6",Gris,28.3,47.4,1022.4
2026-01-04,"5,4","-2,9","10,2",Neige,26.7,88.8,1008.9
2026-01-05,"7,2","-2,9","11,7",Pluie,5.4,88.6,1010.1
2026-01-06,"4,4","-0,7","12,2",Neige,7.2,69.6,1023.2
2026-01-07,"5,0","-2,3","11,8",Pluie,16.2,64.4,1009.1
2026-01-08,"8,1","-1,7","12,1",Gris,15.4,63.9,1019.0
2026-01-09,"4,7","-0,4","11,5",Froid,19.7,77.6,1021.1
2026-01-10,"0,2","-0,2","12,1",Pluie,25.5,41.9,1005.0
2026-01-11,"0,1","-1,7","10,4",Neige,6.9,48.8,1005.1
2026-01-12,"7,4","-0,3","12,8",Pluie,17.8,69.4,1006.6
2026-01-13,"1,4","-0,0","10,1",Gris,16.3,64.3,1007.5
2026-01-14,"4,3","-2,0","11,2",Gris,30.0,73.2,1012.3
2026-01-15,"9,4","-1,3","10,7",Froid,24.0,61.9,1016.3
2026-01-16,"0,7","-2,5","13,0",Gris,26.7,65.8,1021.2
2026-01-17,"0,4","-0,2","11,8",Pluie,14.6,84.4,1011.8
2026-01-18,"0,8","-0,3","11,4",Neige,8.5,80.9,1016.8
2026-01-19,"0,8","-1,8","12,0",Pluie,14.6,65.8,1003.0
2026-01-20,"6,7","-2,9","11,4",Pluie,9.7,43.2,1014.0
2026-01-21,"5,1","-1,2","10,6",Neige,21.0,55.0,1011.7
2026-01-22,"7,0","-0,0","12,1",Pluie,28.5,81.9,1002.8
2026-01-23,"1,7","-2,7","12,2",Pluie,28.8,56.8,1017.9
2026-01-24,"2,5","-1,9","12,5",Pluie,10.1,90.2,1013.6
2026-01-25,"8,7","-0,2","13,0",Neige,5.1,92.8,1001.2
2026-01-26,"9,9","-1,4","11,4",Neige,8.9,92.5,1004.7
2026-01-27,"6,4","-2,1","10,5",Pluie,10.8,73.9,1002.0
2026-01-28,"5,4","-0,8","12,1",Froid,22.9,89.0,1024.9
2026-01-29,"8,5","-2,8","13,0",Gris,9.1,78.4,1000.3
2026-01-30,"9,8","-1,5","10,2",Gris,19.7,91.5,1017.5
2026-01-31,"6,4","-0,2","11,1",Neige,19.9,82.1,1023.2
2026-02-01,"8,4","-0,8","12,5",Pluie,27.2,51.0,1008.1
2026-02-02,"2,9","-0,6","12,8",Froid,14.1,63.5,1020.1
2026-02-03,"7,3","-2,1","11,0",Neige,23.7,57.1,1013.9
2026-02-04,"2,2","-0,9","12,8",Gris,20.3,71.1,1001.7
2026-02-05,"8,0","-2,9","12,1",Pluie,26.6,41.3,1003.9
2026-02-06,"9,9","-1,5","10,6",Gris,26.7,66.2,1000.5
2026-02-07,"9,0","-1,1","12,2",Pluie,6.4,86.0,1019.4
2026-02-08,"7,2","-0,6","12,6",Neige,13.6,44.2,1017.2
2026-02-09,"0,6","-0,4","12,9",Pluie,14.1,77.9,1023.5
2026-02-10,"4,7","-2,7","10,2",Froid,16.6,60.6,1015.2
2026-02-11,"5,3","-1,5","10,3",Pluie,27.8,76.1,1002.3
2026-02-12,"6,4","-2,3","10,1",Pluie,17.3,84.5,1007.7
2026-02-13,"2,7","-2,3","11,5",Pluie,8.9,57.7,1011.3
2026-02-14,"9,4","-1,8","10,6",Pluie,7.8,70.3,1007.2
2026-02-15,"1,1","-2,1","10,4",Pluie,23.7,86.4,1005.0
2026-02-16,"5,6","-0,8","10,8",Froid,26.8,59.4,1007.7
2026-02-17,"4,6","-2,0","11,8",Neige,27.1,88.2,1002.7
2026-02-18,"9,0","-2,1","10,7",Gris,25.2,91.7,1020.5
2026-02-19,"4,0","-0,1","10,7",Neige,12.5,60.7,1002.7
2026-02-20,"2,0","-0,5","12,7",Pluie,12.6,84.7,1014.7
2026-02-21,"1,8","-1,0","11,6",Neige,12.1,44.6,1013.0
2026-02-22,"4,2","-2,9","11,8",Gris,7.0,70.2,1023.6
2026-02-23,"7,7","-2,8","12,8",Gris,17.0,42.8,1018.1
2026-02-24,"3,4","-1,7","11,2",Neige,27.9,79.2,1016.7
2026-02-25,"9,1","-0,5","12,0",Neige,7.9,54.7,1000.4
2026-02-26,"3,7","-2,7","10,7",Froid,29.5,89.4,1016.2
2026-02-27,"6,5","-1,7","10,8",Neige,13.5,58.4,1024.0
2026-02-28,"5,7","-1,6","11,3",Neige,8.5,46.2,1020.5
2026-03-01,"15,1","7,8","18,2",Frais,6.7,50.6,1021.7
2026-03-02,"10,6","5,2","20,2",Soleil,16.3,56.4,1003.2
2026-03-03,"17,4","7,7","19,7",Frais,13.1,91.4,1009.1
2026-03-04,"9,8","7,0","18,5",Soleil,10.8,89.7,1007.3
2026-03-05,"8,8","8,0","19,8",Pluie,19.1,54.1,1001.9
2026-03-06,"12,6","7,7","18,5",Pluie,6.8,40.5,1005.6
2026-03-07,"15,5","5,6","20,1",Pluie,17.8,59.2,1023.3
2026-03-08,"14,8","7,7","18,1",Frais,13.1,43.9,1005.8
2026-03-09,"17,3","5,4","18,6",Pluie,28.3,53.5,1018.9
2026-03-10,"16,2","7,3","20,7",Pluie,11.0,91.0,1010.6
2026-03-11,"8,4","6,0","20,7",Frais,15.2,41.4,1000.8
2026-03-12,"13,9","5,4","18,8",Soleil,10.9,70.0,1017.0
2026-03-13,"9,5","7,4","20,3",Frais,18.4,66.6,1001.5
2026-03-14,"13,4","6,5","19,1",Frais,27.1,79.5,1000.1
2026-03-15,"12,7","7,5","18,5",Frais,21.4,48.8,1021.8
2026-03-16,"14,1","6,2","20,9",Frais,28.4,71.4,1000.2
2026-03-17,"8,0","5,0","19,4",Pluie,29.4,41.6,1005.6
2026-03-18,"11,9","8,0","18,6",Pluie,29.7,70.0,1019.8
2026-03-19,"16,1","6,5","20,1",Pluie,11.3,81.0,1021.9
2026-03-20,"11,8","7,4","19,8",Soleil,7.7,61.5,1022.4
2026-03-21,"15,6","6,6","19,9",Frais,26.0,81.7,1019.0
2026-03-22,"8,5","7,1","18,2",Soleil,7.3,51.2,1001.6
2026-03-23,"10,6","5,2","20,3",Frais,18.9,43.8,1006.2
2026-03-24,"10,8","6,8","20,1",Soleil,27.0,61.6,1024.5
2026-03-25,"14,5","5,1","19,6",Pluie,24.5,41.0,1008.2
2026-03-26,"11,0","5,7","20,5",Soleil,10.9,77.4,1009.4
2026-03-27,"17,1","6,3","20,2",Frais,27.7,91.2,1001.4
2026-03-28,"16,9","7,9","19,4",Soleil,24.6,45.7,1017.4
2026-03-29,"13,7","5,9","19,8",Frais,12.6,64.2,1001.7
2026-03-30,"12,2","7,5","19,4",Soleil,16.0,94.3,1016.2
2026-03-31,"13,6","5,5","20,6",Frais,16.2,90.0,1007.0
2026-04-01,"13,6","5,1","20,8",Pluie,29.9,74.5,1013.4
2026-04-02,"15,8","7,3","18,7",Soleil,29.9,93.6,1001.9
2026-04-03,"11,3","6,9","18,4",Pluie,29.5,79.4,1020.1
2026-04-04,"8,5","7,8","18,4",Frais,7.1,89.7,1020.6
2026-04-05,"13,0","6,8","18,9",Frais,18.6,51.0,1011.0
2026-04-06,"11,4","6,2","18,3",Pluie,6.3,53.0,1024.9
2026-04-07,"9,9","7,3","20,9",Soleil,22.0,71.9,1008.4
2026-04-08,"15,9","5,5","18,6",Pluie,9.4,69.3,1015.9
2026-04-09,"17,9","6,9","18,1",Pluie,13.0,41.0,1004.9
2026-04-10,"10,4","7,7","19,5",Pluie,15.4,76.1,1015.8
2026-04-11,"11,7","6,2","19,9",Pluie,5.9,90.3,1006.1
2026-04-12,"10,4","6,8","20,7",Pluie,29.0,90.1,1019.3
2026-04-13,"15,5","7,8","19,9",Pluie,13.6,93.4,1008.7
2026-04-14,"11,5","6,6","19,1",Frais,19.1,40.9,1003.1
2026-04-15,"11,5","7,5","19,1",Pluie,26.4,54.3,1009.4
2026-04-16,"12,3","5,2","19,8",Frais,15.3,81.6,1010.5
2026-04-17,"13,3","6,5","20,6",Pluie,6.0,51.3,1016.8
2026-04-18,"12,1","6,4","19,4",Soleil,6.1,93.6,1023.8
2026-04-19,"13,0","7,7","19,0",Pluie,22.7,75.9,1019.5
2026-04-20,"15,3","6,0","20,0",Pluie,11.1,54.2,1017.9
2026-04-21,"10,9","7,1","20,4",Frais,12.5,54.3,1016.5
2026-04-22,"11,9","5,8","18,5",Soleil,7.3,78.1,1023.4
2026-04-23,"8,2","7,4","18,2",Soleil,21.9,94.4,1018.8
2026-04-24,"10,2","5,2","19,4",Soleil,23.2,49.3,1005.9
2026-04-25,"8,8","6,0","19,3",Pluie,14.3,69.8,1019.7
2026-04-26,"17,7","6,5","21,0",Pluie,5.8,56.6,1004.1
2026-04-27,"11,0","7,7","18,9",Pluie,20.3,79.3,1010.7
2026-04-28,"10,1","5,3","20,6",Pluie,20.6,64.2,1012.3
2026-04-29,"9,8","7,4","20,5",Pluie,18.9,70.0,1015.8
2026-04-30,"11,2","5,5","19,2",Pluie,20.8,76.4,1009.6
2026-05-01,"14,5","6,6","21,0",Pluie,17.3,43.0,1002.3
2026-05-02,"14,4","6,6","20,4",Pluie,5.0,74.5,1019.1
2026-05-03,"17,0","7,2","18,3",Frais,23.3,94.0,1021.3
2026-05-04,"14,7","7,5","19,1",Pluie,9.1,86.7,1006.8
2026-05-05,"14,5","5,2","18,5",Frais,21.0,74.5,1019.4
2026-05-06,"10,2","6,7","19,8",Pluie,10.0,94.9,1013.1
2026-05-07,"8,5","7,9","19,7",Frais,15.6,84.8,1022.6
2026-05-08,"13,7","5,8","18,4",Frais,17.2,73.3,1002.4
2026-05-09,"16,5","6,5","19,5",Pluie,28.7,93.7,1009.0
2026-05-10,"16,7","6,5","19,7",Pluie,10.4,40.3,1000.6
2026-05-11,"14,3","7,7","20,2",Frais,19.7,59.2,1007.8
2026-05-12,"8,3","6,2","20,8",Soleil,7.1,74.4,1022.1
2026-05-13,"15,2","5,9","20,3",Pluie,24.6,49.6,1016.6
2026-05-14,"16,5","5,2","18,4",Pluie,23.5,71.7,1001.9
2026-05-15,"17,6","7,8","18,8",Soleil,12.4,52.8,1011.0
2026-05-16,"15,4","7,4","18,1",Frais,24.7,42.6,1013.3
2026-05-17,"16,3","6,6","19,6",Frais,24.7,89.8,1022.7
2026-05-18,"16,1","6,8","18,6",Soleil,22.0,66.0,1015.8
2026-05-19,"16,0","5,6","19,6",Frais,24.0,53.2,1014.1
2026-05-20,"14,5","7,7","19,3",Pluie,14.7,57.3,1010.9
2026-05-21,"16,8","7,9","19,8",Soleil,29.2,42.3,1017.6
2026-05-22,"8,5","7,7","19,6",Soleil,25.7,78.5,1019.8
2026-05-23,"17,1","6,1","19,8",Soleil,13.3,40.7,1001.6
2026-05-24,"10,0","5,4","19,5",Soleil,19.7,44.4,1000.8
2026-05-25,"15,2","5,4","19,8",Frais,5.9,77.0,1021.4
2026-05-26,"16,1","7,0","19,0",Frais,27.4,60.7,1000.4
2026-05-27,"10,7","6,3","19,1",Soleil,25.3,74.8,1007.4
2026-05-28,"8,2","7,6","19,6",Pluie,7.3,74.2,1010.8
2026-05-29,"13,4","6,3","20,9",Soleil,11.3,70.8,1005.8
2026-05-30,"8,7","6,1","20,8",Soleil,12.1,87.4,1003.9
2026-05-31,"17,4","5,6","18,1",Pluie,16.3,66.9,1008.3
2026-06-01,"22,3","17,8","28,5",Soleil,6.6,54.7,1019.9
2026-06-02,"26,8","16,5","30,2",Soleil,14.1,42.0,1012.0
2026-06-03,"27,8","16,4","28,5",Chaud,27.2,51.1,1022.8
2026-06-04,"25,4","16,4","28,9",Chaud,22.4,84.1,1023.4
2026-06-05,"25,9","16,1","30,9",Soleil,12.4,86.8,1000.2
2026-06-06,"21,8","16,0","29,6",Orageux,22.6,76.4,1003.4
2026-06-07,"27,3","17,1","30,8",Soleil,20.2,83.8,1002.9
2026-06-08,"25,9","16,0","30,6",Orageux,21.5,84.1,1008.1
2026-06-09,"19,1","15,4","30,9",Chaud,17.7,72.3,1013.1
2026-06-10,"23,7","15,3","28,6",Orageux,17.8,41.7,1002.1
2026-06-11,"26,9","15,1","30,4",Soleil,18.7,70.9,1023.9
2026-06-12,"19,4","16,1","30,2",Orageux,16.4,90.4,1016.1
2026-06-13,"23,3","17,9","28,3",Soleil,29.1,77.6,1007.5
2026-06-14,"24,3","16,1","28,2",Soleil,23.2,81.4,1022.8
2026-06-15,"24,5","16,2","28,3",Chaud,18.6,56.0,1006.9
2026-06-16,"22,1","17,4","30,3",Chaud,20.4,52.3,1006.1
2026-06-17,"25,0","17,9","29,8",Chaud,26.2,75.0,1016.7
2026-06-18,"26,3","16,8","30,1",Chaud,18.7,56.2,1015.9
2026-06-19,"18,0","15,6","28,0",Chaud,15.6,79.6,1007.8
2026-06-20,"21,5","16,4","28,4",Soleil,7.6,62.3,1013.3
2026-06-21,"19,0","16,6","29,5",Chaud,23.5,65.7,1020.8
2026-06-22,"18,3","16,6","30,8",Soleil,29.3,72.8,1003.4
2026-06-23,"25,3","17,3","30,3",Chaud,10.4,76.5,1010.1
2026-06-24,"22,3","16,0","29,7",Orageux,5.6,83.0,1024.2
2026-06-25,"27,0","15,5","28,9",Orageux,13.0,70.3,1010.6
2026-06-26,"19,2","15,7","29,1",Orageux,14.8,59.8,1019.8
2026-06-27,"22,5","17,4","28,7",Orageux,19.0,88.6,1015.2
2026-06-28,"18,0","15,8","29,8",Chaud,24.4,72.7,1012.6
2026-06-29,"21,9","15,0","29,8",Orageux,17.6,41.6,1020.1
2026-06-30,"25,9","15,8","29,3",Orageux,16.0,76.3,1017.4
2026-07-01,"20,7","16,2","28,8",Soleil,25.1,52.5,1016.0
2026-07-02,"18,1","17,0","28,8",Orageux,14.0,84.8,1012.0
2026-07-03,"21,5","17,3","29,9",Soleil,24.5,66.2,1005.9
2026-07-04,"18,7","17,3","30,3",Soleil,12.3,76.9,1012.2
2026-07-05,"18,8","17,8","29,6",Orageux,18.4,61.8,1015.7
2026-07-06,"18,8","16,4","29,2",Soleil,16.0,73.3,1023.4
2026-07-07,"21,2","16,3","30,9",Orageux,18.5,48.6,1002.5
2026-07-08,"24,2","15,2","29,4",Orageux,15.5,73.5,1000.5
2026-07-09,"21,4","15,1","29,1",Orageux,22.3,88.9,1003.6
2026-07-10,"26,5","17,8","30,8",Soleil,28.0,40.4,1001.4
2026-07-11,"20,4","15,8","30,8",Orageux,20.2,44.2,1017.0
2026-07-12,"24,7","17,8","30,2",Orageux,28.3,69.8,1012.0
2026-07-13,"25,2","17,7","30,7",Chaud,21.1,68.0,1009.9
2026-07-14,"25,9","16,5","30,6",Soleil,15.3,70.0,1002.7
2026-07-15,"24,9","17,9","29,9",Chaud,18.8,73.9,1002.2
2026-07-16,"22,6","17,4","28,1",Soleil,6.7,43.1,1018.3
2026-07-17,"24,5","16,7","29,1",Soleil,11.8,75.3,1019.9
2026-07-18,"21,3","17,0","28,4",Chaud,5.5,67.9,1009.8
2026-07-19,"25,6","16,1","30,1",Soleil,15.6,60.3,1014.1
2026-07-20,"24,3","17,6","30,2",Orageux,16.5,67.3,1016.0
2026-07-21,"21,4","15,3","30,9",Chaud,7.0,87.0,1018.0
2026-07-22,"27,7","18,0","30,0",Chaud,17.7,47.0,1013.2
2026-07-23,"24,8","15,3","29,9",Orageux,17.7,55.4,1019.3
2026-07-24,"20,8","15,9","30,7",Orageux,6.6,59.8,1015.0
2026-07-25,"21,8","17,3","29,3",Soleil,23.4,93.5,1000.4
2026-07-26,"20,4","16,8","30,7",Chaud,9.7,56.9,1021.0
2026-07-27,"22,8","16,8","28,5",Orageux,21.5,66.4,1010.8
2026-07-28,"21,5","15,1","31,0",Orageux,8.2,54.5,1009.2
2026-07-29,"25,2","16,8","28,4",Soleil,21.0,49.0,1020.3
2026-07-30,"20,9","15,6","30,9",Soleil,25.9,79.5,1000.3
2026-07-31,"20,4","15,9","28,3",Soleil,11.1,74.7,1006.9
2026-08-01,"27,7","17,8","28,8",Orageux,28.9,52.4,1011.5
2026-08-02,"24,1","15,4","29,4",Soleil,26.2,74.5,1005.7
2026-08-03,"21,6","17,0","28,7",Chaud,5.2,50.1,1011.8
2026-08-04,"26,6","15,0","30,9",Soleil,29.8,58.8,1006.3
2026-08-05,"22,1","16,6","30,8",Orageux,12.3,49.2,1003.8
2026-08-06,"18,4","17,9","30,9",Soleil,23.3,55.4,1014.5
2026-08-07,"19,9","16,6","29,0",Chaud,24.5,69.0,1019.2
2026-08-08,"19,0","17,6","29,5",Orageux,6.4,61.2,1009.5
2026-08-09,"19,7","15,1","29,8",Soleil,7.7,90.6,1005.3
2026-08-10,"21,7","17,3","28,5",Soleil,14.9,42.7,1021.3
2026-08-11,"27,6","17,6","29,9",Orageux,20.5,60.4,1014.4
2026-08-12,"25,6","16,6","28,2",Chaud,27.1,60.3,1018.9
2026-08-13,"22,3","15,4","28,1",Soleil,6.6,75.3,1018.3
2026-08-14,"22,6","15,4","30,2",Chaud,23.5,50.3,1012.0
2026-08-15,"25,3","16,9","30,3",Orageux,22.3,79.9,1020.5
2026-08-16,"23,8","15,5","30,0",Chaud,25.6,94.5,1018.6
2026-08-17,"25,2","17,9","30,1",Orageux,16.3,88.8,1019.3
2026-08-18,"26,1","17,9","29,4",Orageux,23.4,78.6,1016.6
2026-08-19,"26,2","17,1","28,4",Soleil,27.2,76.7,1010.6
2026-08-20,"24,5","17,7","30,5",Orageux,26.7,91.6,1021.7
2026-08-21,"24,8","17,7","30,5",Chaud,14.7,64.8,1006.0
2026-08-22,"23,5","16,6","28,1",Chaud,11.9,92.3,1000.4
2026-08-23,"22,2","15,5","29,5",Orageux,6.2,44.7,1013.0
2026-08-24,"25,6","16,8","29,1",Soleil,22.2,50.0,1024.9
2026-08-25,"26,7","17,6","28,7",Chaud,13.5,89.3,1007.7
2026-08-26,"24,3","17,0","30,2",Soleil,15.8,89.3,1004.2
2026-08-27,"26,1","17,3","30,0",Chaud,29.6,64.2,1014.2
2026-08-28,"24,6","16,0","30,6",Orageux,5.9,45.9,1005.2
2026-08-29,"23,7","16,7","30,3",Soleil,21.8,81.7,1011.2
2026-08-30,"23,5","17,4","28,8",Chaud,6.3,50.1,1014.3
2026-08-31,"26,3","17,6","28,5",Soleil,23.3,66.7,1019.3
2026-09-01,"10,8","9,2","18,9",Frais,8.7,49.1,1007.9
2026-09-02,"11,0","7,6","18,5",Pluie,21.8,43.7,1011.6
2026-09-03,"13,3","7,9","18,2",Nuageux,18.7,91.7,1019.7
2026-09-04,"15,0","9,3","20,1",Nuageux,8.7,76.9,1008.7
2026-09-05,"10,4","9,9","20,5",Nuageux,28.0,47.2,1011.3
2026-09-06,"15,1","7,6","18,5",Nuageux,15.5,87.9,1016.4
2026-09-07,"12,9","9,6","19,4",Frais,28.4,51.7,1019.9
2026-09-08,"14,8","7,5","18,3",Frais,24.5,77.3,1012.5
2026-09-09,"16,1","7,6","19,2",Pluie,20.3,69.9,1011.7
2026-09-10,"17,7","7,8","18,8",Nuageux,24.3,88.9,1023.2
2026-09-11,"11,2","7,4","18,0",Pluie,14.0,74.7,1002.6
2026-09-12,"15,2","9,1","19,9",Nuageux,10.2,92.0,1024.7
2026-09-13,"10,5","7,7","20,9",Nuageux,14.5,69.4,1019.1
2026-09-14,"10,9","8,8","19,1",Nuageux,25.7,59.4,1000.2
2026-09-15,"10,4","7,2","20,6",Pluie,13.6,86.3,1015.5
2026-09-16,"14,8","9,1","18,7",Nuageux,20.0,61.7,1009.4
2026-09-17,"13,6","9,3","19,3",Frais,29.4,48.5,1006.1
2026-09-18,"11,3","8,7","20,0",Nuageux,26.8,43.4,1004.6
2026-09-19,"11,0","9,4","19,9",Frais,14.3,47.4,1020.3
2026-09-20,"13,5","8,3","20,7",Pluie,19.2,71.7,1006.5
2026-09-21,"14,3","8,4","18,6",Nuageux,24.3,56.8,1011.3
2026-09-22,"15,9","8,2","19,9",Nuageux,18.7,82.3,1013.5
2026-09-23,"17,2","9,7","20,5",Pluie,22.9,60.6,1009.9
2026-09-24,"12,5","9,7","18,7",Frais,18.0,50.5,1016.8
2026-09-25,"11,3","9,7","18,9",Nuageux,24.5,80.2,1024.1
2026-09-26,"16,8","7,2","20,6",Frais,17.7,86.9,1012.3
2026-09-27,"16,2","8,9","18,4",Frais,8.5,60.6,1022.0
2026-09-28,"11,1","9,2","18,5",Pluie,22.3,78.6,1011.5
2026-09-29,"10,9","9,5","20,3",Frais,23.0,50.2,1016.7
2026-09-30,"15,9","9,8","18,2",Pluie,22.5,40.6,1007.0
2026-10-01,"12,6","8,9","20,5",Nuageux,28.3,49.4,1013.3
2026-10-02,"13,0","7,7","19,8",Pluie,16.0,74.3,1012.2
2026-10-03,"15,9","9,1","18,9",Nuageux,20.7,70.3,1012.0
2026-10-04,"16,7","8,5","18,7",Frais,8.5,67.9,1017.3
2026-10-05,"16,7","9,3","19,8",Pluie,9.8,92.9,1023.6
2026-10-06,"11,7","8,5","20,9",Nuageux,22.1,92.1,1019.9
2026-10-07,"10,9","7,3","20,2",Pluie,16.7,47.8,1008.9
2026-10-08,"16,9","8,0","18,8",Pluie,14.0,80.9,1021.2
2026-10-09,"12,7","9,5","20,9",Nuageux,25.6,65.3,1017.5
2026-10-10,"17,4","9,4","20,9",Pluie,5.3,84.4,1007.2
2026-10-11,"14,0","9,7","19,4",Nuageux,27.9,55.2,1009.7
2026-10-12,"12,4","7,4","20,3",Nuageux,10.6,52.0,1006.9
2026-10-13,"17,1","9,4","19,9",Pluie,22.5,58.6,1021.1
2026-10-14,"11,7","9,3","20,4",Nuageux,16.8,85.2,1004.8
2026-10-15,"11,2","9,8","21,0",Pluie,19.9,63.8,1019.4
2026-10-16,"13,4","8,3","18,8",Pluie,29.6,85.0,1006.4
2026-10-17,"13,9","7,3","18,8",Nuageux,10.6,46.9,1002.7
2026-10-18,"17,0","8,9","20,7",Frais,11.9,69.4,1022.0
2026-10-19,"17,6","7,7","20,8",Frais,27.1,92.5,1014.1
2026-10-20,"13,1","9,3","18,5",Pluie,12.9,93.7,1010.7
2026-10-21,"11,9","9,4","18,3",Nuageux,5.6,64.1,1008.7
2026-10-22,"16,7","9,1","19,1",Nuageux,28.5,80.4,1002.3
2026-10-23,"12,4","9,0","19,9",Pluie,7.8,71.8,1011.9
2026-10-24,"16,6","9,3","19,5",Pluie,16.6,53.7,1014.1
2026-10-25,"14,0","10,0","19,4",Frais,22.1,43.7,1001.2
2026-10-26,"13,3","9,8","19,5",Nuageux,10.5,79.0,1019.0
2026-10-27,"15,4","7,3","19,2",Pluie,15.9,91.8,1024.6
2026-10-28,"12,1","9,7","19,3",Frais,14.7,84.8,1021.3
2026-10-29,"13,3","7,5","18,1",Pluie,18.4,51.7,1012.0
2026-10-30,"15,2","9,1","18,8",Pluie,26.6,40.0,1020.6
2026-10-31,"16,9","7,4","19,3",Pluie,14.7,45.3,1000.4
2026-11-01,"13,1","7,6","18,2",Nuageux,24.0,44.4,1011.1
2026-11-02,"13,0","7,2","18,0",Nuageux,5.2,55.8,1005.8
2026-11-03,"11,6","8,9","18,4",Frais,28.3,40.1,1013.9
2026-11-04,"15,6","8,7","20,8",Nuageux,22.7,41.4,1008.3
2026-11-05,"13,3","8,0","18,4",Nuageux,29.3,40.2,1023.6
2026-11-06,"10,9","9,7","19,9",Pluie,27.5,86.4,1011.2
2026-11-07,"13,4","8,9","20,8",Nuageux,7.5,45.9,1021.3
2026-11-08,"17,4","8,9","18,3",Nuageux,24.8,89.2,1018.8
2026-11-09,"10,9","9,0","20,8",Pluie,19.9,48.9,1008.5
2026-11-10,"17,9","8,9","19,5",Frais,18.5,61.1,1009.5
2026-11-11,"11,2","7,1","18,7",Nuageux,25.7,93.9,1014.9
2026-11-12,"13,0","8,9","18,9",Frais,11.9,74.0,1001.3
2026-11-13,"11,4","9,8","19,6",Pluie,7.8,79.4,1006.7
2026-11-14,"15,1","8,4","19,7",Frais,25.1,46.7,1019.6
2026-11-15,"11,5","8,1","19,6",Pluie,22.9,42.9,1013.6
2026-11-16,"11,5","9,0","20,1",Pluie,18.5,94.2,1006.8
2026-11-17,"17,6","10,0","19,3",Nuageux,5.9,92.3,1018.6
2026-11-18,"17,0","8,1","19,9",Pluie,10.2,48.7,1024.8
2026-11-19,"12,9","7,6","19,0",Frais,23.2,71.0,1012.0
2026-11-20,"18,0","10,0","20,6",Pluie,28.8,43.5,1015.3
2026-11-21,"16,9","7,1","18,5",Nuageux,15.1,46.9,1024.9
2026-11-22,"14,0","10,0","18,1",Pluie,14.9,52.9,1011.2
2026-11-23,"14,8","8,9","20,1",Nuageux,20.9,82.4,1005.9
2026-11-24,"17,6","7,5","19,5",Pluie,13.2,71.9,1021.0
2026-11-25,"17,2","8,8","20,5",Pluie,10.5,70.0,1008.4
2026-11-26,"13,2","7,1","18,7",Nuageux,5.3,92.0,1013.6
2026-11-27,"14,6","8,5","20,5",Nuageux,25.0,75.4,1019.7
2026-11-28,"15,4","10,0","18,1",Frais,6.9,45.0,1010.0
2026-11-29,"10,5","9,6","20,2",Pluie,13.5,78.4,1009.5
2026-11-30,"15,7","8,6","20,3",Nuageux,12.2,72.0,1018.4
2026-12-01,"4,2","-1,7","12,7",Pluie,8.2,83.3,1015.3
2026-12-02,"5,7","-0,9","12,3",Gris,8.7,54.9,1007.3
2026-12-03,"1,8","-1,0","12,8",Neige,26.9,69.6,1003.1
2026-12-04,"4,6","-0,7","11,3",Pluie,22.8,41.5,1022.1
2026-12-05,"3,8","-1,1","11,3",Gris,19.1,61.6,1006.0
2026-12-06,"8,5","-2,2","12,7",Froid,15.0,62.0,1010.1
2026-12-07,"6,5","-0,0","10,7",Pluie,29.3,55.4,1004.5
2026-12-08,"8,9","-0,3","11,3",Gris,9.1,76.1,1010.9
2026-12-09,"8,5","-3,0","10,7",Pluie,27.4,76.6,1017.1
2026-12-10,"7,9","-2,4","11,0",Pluie,6.3,88.1,1012.8
2026-12-11,"6,0","-3,0","12,6",Gris,28.3,64.5,1012.4
2026-12-12,"3,3","-0,3","11,1",Froid,7.1,79.8,1014.8
2026-12-13,"7,2","-1,5","12,3",Neige,7.2,68.3,1018.4
2026-12-14,"10,0","-1,7","12,2",Pluie,10.1,78.1,1001.5
2026-12-15,"6,1","-2,1","12,4",Gris,24.4,83.9,1013.1
2026-12-16,"9,1","-1,5","11,2",Pluie,9.8,72.4,1003.3
2026-12-17,"3,0","-1,6","12,1",Gris,18.4,53.3,1017.1
2026-12-18,"1,7","-0,4","12,6",Gris,21.6,77.1,1014.9
2026-12-19,"1,0","-1,5","11,4",Froid,25.9,62.6,1009.5
2026-12-20,"2,6","-1,2","12,1",Neige,13.4,65.7,1015.5
2026-12-21,"4,0","-2,7","10,1",Pluie,27.9,85.3,1005.2
2026-12-22,"5,0","-1,6","11,5",Pluie,14.8,64.0,1012.5
2026-12-23,"9,0","-0,9","12,9",Neige,29.1,75.0,1004.0
2026-12-24,"7,1","-0,1","12,7",Neige,13.2,56.0,1009.3
2026-12-25,"3,2","-1,1","10,3",Froid,11.9,74.2,1000.4
2026-12-26,"5,0","-2,8","11,8",Pluie,23.7,84.5,1005.1
2026-12-27,"2,0","-0,0","12,7",Neige,18.5,56.1,1007.9
2026-12-28,"4,7","-1,0","10,8",Pluie,28.3,57.9,1017.0
2026-12-29,"7,7","-0,4","12,1",Gris,8.9,42.4,1001.8
2026-12-30,"0,1","-0,5","12,9",Pluie,23.3,79.4,1023.3
2026-12-31,"3,6","-1,7","10,8",Neige,8.5,49.5,1009.2
